№,CMS,FTP,サイトマップ,第2階層,第3階層,第4階層,フルURL,ページ説明,列10,列11,運用対象コンテンツ,更新頻度,更新頻度・備考,情報主幹部署,担当者,コンテンツ予算管理部署,デジ変担当者,開発担当,デザイン制作,運用会社,運用会社担当,アプリ,赤ナビ,共通ヘッダー/フッター,デザインシステム準拠,デザインシステムver,リニューアル予定,削除確認,入力者,備考,移行先,列33,転記元
1.0,〇,,,ー,,ー,https://toyota.jp/,サイトTOPページ,,,キービジュアル,,,国内業務部　,,TQP包括発注,上野,無,,TQP,磯村,静的,,◯,◯,,,確認済み,,,,リスト用,
2.0,〇,,トヨタのクルマ,carlineup,,,https://toyota.jp/carlineup/,ラインアップ,,,車両一覧,車種の記発毎に更新,,国内業務部　,,TQP包括発注,上野,無,,TQP,廣瀬,静的,,◯,◯,,,確認済み,,,,未確認,
3.0,〇,,,,archive,,https://toyota.jp/carlineup/archive/,,旧車一覧,,車両一覧,ドロップ車毎,,国内業務部　,,TQP包括発注,上野,無,TQP,TQP,廣瀬,静的,,◯,◯,,,確認済み,,,,確認済み,
4.0,〇,,,,,auris,https://toyota.jp/carlineup/archive/auris/,,（各車種）,,車両一覧,車種の記発毎に更新,,国内業務部　,,TQP包括発注,上野,無,TQP,TQP,廣瀬,静的,,◯,◯,,,確認済み,,,,削除予定,
5.0,〇,,,,,86,https://toyota.jp/carlineup/archive/86/index.html,,,,,,,国内業務部　,,TQP包括発注,上野,無,TQP,TQP,廣瀬,静的,,◯,◯,,,確認済み,,,,削除済み,
6.0,〇,,,,,allion,https://toyota.jp/carlineup/archive/allion/index.html,,,,,,,国内業務部　,,TQP包括発注,上野,無,TQP,TQP,廣瀬,静的,,◯,◯,,,確認済み,,,,要確認,
7.0,〇,,,,,alphard,https://toyota.jp/carlineup/archive/alphard/index.html,,,,,,,国内業務部　,,TQP包括発注,上野,無,TQP,TQP,廣瀬,静的,,◯,◯,,,確認済み,,,,,
8.0,〇,,,,,aqua,https://toyota.jp/carlineup/archive/aqua/index.html,,,,,,,国内業務部　,,TQP包括発注,上野,無,TQP,TQP,廣瀬,静的,,◯,◯,,,確認済み,,,,,
9.0,〇,,,,,avensis,https://toyota.jp/carlineup/archive/avensis/index.html,,,,,,,国内業務部　,,TQP包括発注,上野,無,TQP,TQP,廣瀬,静的,,◯,◯,,,確認済み,,,,,
10.0,〇,,,,,bb,https://toyota.jp/carlineup/archive/bb/index.html,,,,,,,国内業務部　,,TQP包括発注,上野,無,TQP,TQP,廣瀬,静的,,◯,◯,,,確認済み,,,,,
11.0,〇,,,,,camry,https://toyota.jp/carlineup/archive/camry/index.html,,,,,,,国内業務部　,,TQP包括発注,上野,無,TQP,TQP,廣瀬,静的,,◯,◯,,,確認済み,,,,,
12.0,〇,,,,,century,https://toyota.jp/carlineup/archive/century/index.html,,,,,,,国内業務部　,,TQP包括発注,上野,無,TQP,TQP,廣瀬,静的,,◯,◯,,,確認済み,,,,,
13.0,〇,,,,,chr,https://toyota.jp/carlineup/archive/chr/index.html,,,,,,,国内業務部　,,TQP包括発注,上野,無,TQP,TQP,廣瀬,静的,,◯,◯,,,確認済み,,,,,
14.0,〇,,,,,copen,https://toyota.jp/carlineup/archive/copen/index.html,,,,,,,国内業務部　,,TQP包括発注,上野,無,TQP,TQP,廣瀬,静的,,◯,◯,,,確認済み,,,,,
15.0,〇,,,,,corolla,https://toyota.jp/carlineup/archive/corolla/index.html,,,,,,,国内業務部　,,TQP包括発注,上野,無,TQP,TQP,廣瀬,静的,,◯,◯,,,確認済み,,,,,
16.0,〇,,,,,corollaaxio,https://toyota.jp/carlineup/archive/corollaaxio/index.html,,,,,,,国内業務部　,,TQP包括発注,上野,無,TQP,TQP,廣瀬,静的,,◯,◯,,,確認済み,,,,,
17.0,〇,,,,,corollacross,https://toyota.jp/carlineup/archive/corollacross/index.html,,,,,,,国内業務部　,,TQP包括発注,上野,無,TQP,TQP,廣瀬,静的,,◯,◯,,,確認済み,,,,,
18.0,〇,,,,,corollafielder,https://toyota.jp/carlineup/archive/corollafielder/index.html,,,,,,,国内業務部　,,TQP包括発注,上野,無,TQP,TQP,廣瀬,静的,,◯,◯,,,確認済み,,,,,
19.0,〇,,,,,corollasport,https://toyota.jp/carlineup/archive/corollasport/index.html,,,,,,,国内業務部　,,TQP包括発注,上野,無,TQP,TQP,廣瀬,静的,,◯,◯,,,確認済み,,,,,
20.0,〇,,,,,corollatouring,https://toyota.jp/carlineup/archive/corollatouring/index.html,,,,,,,国内業務部　,,TQP包括発注,上野,無,TQP,TQP,廣瀬,静的,,◯,◯,,,確認済み,,,,,
21.0,〇,,,,,cpod,https://toyota.jp/carlineup/archive/cpod/index.html,,,,,,,国内業務部　,,TQP包括発注,上野,無,TQP,TQP,廣瀬,静的,,◯,◯,,,確認済み,,,,,
22.0,〇,,,,,crown,https://toyota.jp/carlineup/archive/crown/index.html,,,,,,,国内業務部　,,TQP包括発注,上野,無,TQP,TQP,廣瀬,静的,,◯,◯,,,確認済み,,,,,
23.0,〇,,,,,crownathlete,https://toyota.jp/carlineup/archive/crownathlete/index.html,,,,,,,国内業務部　,,TQP包括発注,上野,無,TQP,TQP,廣瀬,静的,,◯,◯,,,確認済み,,,,,
24.0,〇,,,,,crowncrossover,https://toyota.jp/carlineup/archive/crowncrossover/index.html,,,,,,,国内業務部　,,TQP包括発注,上野,無,TQP,TQP,廣瀬,静的,,◯,◯,,,確認済み,,,,,
25.0,〇,,,,,crownmajesta,https://toyota.jp/carlineup/archive/crownmajesta/index.html,,,,,,,国内業務部　,,TQP包括発注,上野,無,TQP,TQP,廣瀬,静的,,◯,◯,,,確認済み,,,,,
26.0,〇,,,,,crownroyal,https://toyota.jp/carlineup/archive/crownroyal/index.html,,,,,,,国内業務部　,,TQP包括発注,上野,無,TQP,TQP,廣瀬,静的,,◯,◯,,,確認済み,,,,,
27.0,〇,,,,,cwalkt,https://toyota.jp/carlineup/archive/cwalkt/index.html,,,,,,,国内業務部　,,TQP包括発注,上野,無,TQP,TQP,廣瀬,静的,,◯,◯,,,確認済み,,,,,
28.0,〇,,,,,esquire,https://toyota.jp/carlineup/archive/esquire/index.html,,,,,,,国内業務部　,,TQP包括発注,上野,無,TQP,TQP,廣瀬,静的,,◯,◯,,,確認済み,,,,,
29.0,〇,,,,,estima,https://toyota.jp/carlineup/archive/estima/index.html,,,,,,,国内業務部　,,TQP包括発注,上野,無,TQP,TQP,廣瀬,静的,,◯,◯,,,確認済み,,,,,
30.0,〇,,,,,estimahybrid,https://toyota.jp/carlineup/archive/estimahybrid/index.html,,,,,,,国内業務部　,,TQP包括発注,上野,無,TQP,TQP,廣瀬,静的,,◯,◯,,,確認済み,,,,,
31.0,〇,,,,,fjcruiser,https://toyota.jp/carlineup/archive/fjcruiser/index.html,,,,,,,国内業務部　,,TQP包括発注,上野,無,TQP,TQP,廣瀬,静的,,◯,◯,,,確認済み,,,,,
32.0,〇,,,,,gr86,https://toyota.jp/carlineup/archive/gr86/index.html,,,,,,,国内業務部　,,TQP包括発注,上野,無,TQP,TQP,廣瀬,静的,,◯,◯,,,確認済み,,,,,
33.0,〇,,,,,granace,https://toyota.jp/carlineup/archive/granace/index.html,,,,,,,国内業務部　,,TQP包括発注,上野,無,TQP,TQP,廣瀬,静的,,◯,◯,,,確認済み,,,,,
34.0,〇,,,,,grcorolla,https://toyota.jp/carlineup/archive/grcorolla/index.html,,,,,,,国内業務部　,,TQP包括発注,上野,無,TQP,TQP,廣瀬,静的,,◯,◯,,,確認済み,,,,,
35.0,〇,,,,,gryaris,https://toyota.jp/carlineup/archive/gryaris/index.html,,,,,,,国内業務部　,,TQP包括発注,上野,無,TQP,TQP,廣瀬,静的,,◯,◯,,,確認済み,,,,,
36.0,〇,,,,,harrier,https://toyota.jp/carlineup/archive/harrier/index.html,,,,,,,国内業務部　,,TQP包括発注,上野,無,TQP,TQP,廣瀬,静的,,◯,◯,,,確認済み,,,,,
37.0,〇,,,,,hiacevan,https://toyota.jp/carlineup/archive/hiacevan/index.html,,,,,,,国内業務部　,,TQP包括発注,上野,無,TQP,TQP,廣瀬,静的,,◯,◯,,,確認済み,,,,,
38.0,〇,,,,,hiacewagon,https://toyota.jp/carlineup/archive/hiacewagon/index.html,,,,,,,国内業務部　,,TQP包括発注,上野,無,TQP,TQP,廣瀬,静的,,◯,◯,,,確認済み,,,,,
39.0,〇,,,,,hilux,https://toyota.jp/carlineup/archive/hilux/index.html,,,,,,,国内業務部　,,TQP包括発注,上野,無,TQP,TQP,廣瀬,静的,,◯,◯,,,確認済み,,,,,
40.0,〇,,,,,isis,https://toyota.jp/carlineup/archive/isis/index.html,,,,,,,国内業務部　,,TQP包括発注,上野,無,TQP,TQP,廣瀬,静的,,◯,◯,,,確認済み,,,,,
41.0,〇,,,,,jpntaxi,https://toyota.jp/carlineup/archive/jpntaxi/index.html,,,,,,,国内業務部　,,TQP包括発注,上野,無,TQP,TQP,廣瀬,静的,,◯,◯,,,確認済み,,,,,
42.0,〇,,,,,landcruiser,https://toyota.jp/carlineup/archive/landcruiser/index.html,,,,,,,国内業務部　,,TQP包括発注,上野,無,TQP,TQP,廣瀬,静的,,◯,◯,,,確認済み,,,,,
43.0,〇,,,,,landcruiserprado,https://toyota.jp/carlineup/archive/landcruiserprado/index.html,,,,,,,国内業務部　,,TQP包括発注,上野,無,TQP,TQP,廣瀬,静的,,◯,◯,,,確認済み,,,,,
44.0,〇,,,,,markx,https://toyota.jp/carlineup/archive/markx/index.html,,,,,,,国内業務部　,,TQP包括発注,上野,無,TQP,TQP,廣瀬,静的,,◯,◯,,,確認済み,,,,,
45.0,〇,,,,,mirai,https://toyota.jp/carlineup/archive/mirai/index.html,,,,,,,国内業務部　,,TQP包括発注,上野,無,TQP,TQP,廣瀬,静的,,◯,◯,,,確認済み,,,,,
46.0,〇,,,,,noah,https://toyota.jp/carlineup/archive/noah/index.html,,,,,,,国内業務部　,,TQP包括発注,上野,無,TQP,TQP,廣瀬,静的,,◯,◯,,,確認済み,,,,,
47.0,〇,,,,,passo,https://toyota.jp/carlineup/archive/passo/index.html,,,,,,,国内業務部　,,TQP包括発注,上野,無,TQP,TQP,廣瀬,静的,,◯,◯,,,確認済み,,,,,
48.0,〇,,,,,pixisepoch,https://toyota.jp/carlineup/archive/pixisepoch/index.html,,,,,,,国内業務部　,,TQP包括発注,上野,無,TQP,TQP,廣瀬,静的,,◯,◯,,,確認済み,,,,,
49.0,〇,,,,,pixisjoy,https://toyota.jp/carlineup/archive/pixisjoy/index.html,,,,,,,国内業務部　,,TQP包括発注,上野,無,TQP,TQP,廣瀬,静的,,◯,◯,,,確認済み,,,,,
50.0,〇,,,,,pixismega,https://toyota.jp/carlineup/archive/pixismega/index.html,,,,,,,国内業務部　,,TQP包括発注,上野,無,TQP,TQP,廣瀬,静的,,◯,◯,,,確認済み,,,,,
51.0,〇,,,,,pixisspace,https://toyota.jp/carlineup/archive/pixisspace/index.html,,,,,,,国内業務部　,,TQP包括発注,上野,無,TQP,TQP,廣瀬,静的,,◯,◯,,,確認済み,,,,,
52.0,〇,,,,,porte,https://toyota.jp/carlineup/archive/porte/index.html,,,,,,,国内業務部　,,TQP包括発注,上野,無,TQP,TQP,廣瀬,静的,,◯,◯,,,確認済み,,,,,
53.0,〇,,,,,premio,https://toyota.jp/carlineup/archive/premio/index.html,,,,,,,国内業務部　,,TQP包括発注,上野,無,TQP,TQP,廣瀬,静的,,◯,◯,,,確認済み,,,,,
54.0,〇,,,,,prius,https://toyota.jp/carlineup/archive/prius/index.html,,,,,,,国内業務部　,,TQP包括発注,上野,無,TQP,TQP,廣瀬,静的,,◯,◯,,,確認済み,,,,,
55.0,〇,,,,,priusalpha,https://toyota.jp/carlineup/archive/priusalpha/index.html,,,,,,,国内業務部　,,TQP包括発注,上野,無,TQP,TQP,廣瀬,静的,,◯,◯,,,確認済み,,,,,
56.0,〇,,,,,priusphv,https://toyota.jp/carlineup/archive/priusphv/index.html,,,,,,,国内業務部　,,TQP包括発注,上野,無,TQP,TQP,廣瀬,静的,,◯,◯,,,確認済み,,,,,
57.0,〇,,,,,ractis,https://toyota.jp/carlineup/archive/ractis/index.html,,,,,,,国内業務部　,,TQP包括発注,上野,無,TQP,TQP,廣瀬,静的,,◯,◯,,,確認済み,,,,,
58.0,〇,,,,,raize,https://toyota.jp/carlineup/archive/raize/index.html,,,,,,,国内業務部　,,TQP包括発注,上野,無,TQP,TQP,廣瀬,静的,,◯,◯,,,確認済み,,,,,
59.0,〇,,,,,rav4,https://toyota.jp/carlineup/archive/rav4/index.html,,,,,,,国内業務部　,,TQP包括発注,上野,無,TQP,TQP,廣瀬,静的,,◯,◯,,,確認済み,,,,,
60.0,〇,,,,,rav4phv,https://toyota.jp/carlineup/archive/rav4phv/index.html,,,,,,,国内業務部　,,TQP包括発注,上野,無,TQP,TQP,廣瀬,静的,,◯,◯,,,確認済み,,,,,
61.0,〇,,,,,roomy,https://toyota.jp/carlineup/archive/roomy/index.html,,,,,,,国内業務部　,,TQP包括発注,上野,無,TQP,TQP,廣瀬,静的,,◯,◯,,,確認済み,,,,,
62.0,〇,,,,,rush,https://toyota.jp/carlineup/archive/rush/index.html,,,,,,,国内業務部　,,TQP包括発注,上野,無,TQP,TQP,廣瀬,静的,,◯,◯,,,確認済み,,,,,
63.0,〇,,,,,sai,https://toyota.jp/carlineup/archive/sai/index.html,,,,,,,国内業務部　,,TQP包括発注,上野,無,TQP,TQP,廣瀬,静的,,◯,◯,,,確認済み,,,,,
64.0,〇,,,,,sienta,https://toyota.jp/carlineup/archive/sienta/index.html,,,,,,,国内業務部　,,TQP包括発注,上野,無,TQP,TQP,廣瀬,静的,,◯,◯,,,確認済み,,,,,
65.0,〇,,,,,spade,https://toyota.jp/carlineup/archive/spade/index.html,,,,,,,国内業務部　,,TQP包括発注,上野,無,TQP,TQP,廣瀬,静的,,◯,◯,,,確認済み,,,,,
66.0,〇,,,,,supra,https://toyota.jp/carlineup/archive/supra/index.html,,,,,,,国内業務部　,,TQP包括発注,上野,無,TQP,TQP,廣瀬,静的,,◯,◯,,,確認済み,,,,,
67.0,〇,,,,,tank,https://toyota.jp/carlineup/archive/tank/index.html,,,,,,,国内業務部　,,TQP包括発注,上野,無,TQP,TQP,廣瀬,静的,,◯,◯,,,確認済み,,,,,
68.0,〇,,,,,vellfire,https://toyota.jp/carlineup/archive/vellfire/index.html,,,,,,,国内業務部　,,TQP包括発注,上野,無,TQP,TQP,廣瀬,静的,,◯,◯,,,確認済み,,,,,
69.0,〇,,,,,vitz,https://toyota.jp/carlineup/archive/vitz/index.html,,,,,,,国内業務部　,,TQP包括発注,上野,無,TQP,TQP,廣瀬,静的,,◯,◯,,,確認済み,,,,,
70.0,〇,,,,,voxy,https://toyota.jp/carlineup/archive/voxy/index.html,,,,,,,国内業務部　,,TQP包括発注,上野,無,TQP,TQP,廣瀬,静的,,◯,◯,,,確認済み,,,,,
71.0,〇,,,,,wish,https://toyota.jp/carlineup/archive/wish/index.html,,,,,,,国内業務部　,,TQP包括発注,上野,無,TQP,TQP,廣瀬,静的,,◯,◯,,,確認済み,,,,,
72.0,〇,,,,,yaris,https://toyota.jp/carlineup/archive/yaris/index.html,,,,,,,国内業務部　,,TQP包括発注,上野,無,TQP,TQP,廣瀬,静的,,◯,◯,,,確認済み,,,,,
73.0,〇,,,,,yariscross,https://toyota.jp/carlineup/archive/yariscross/index.html,,,,,,,国内業務部　,,TQP包括発注,上野,無,TQP,TQP,廣瀬,静的,,◯,◯,,,確認済み,,,,,
74.0,〇,,,,compare,,https://toyota.jp/carlineup/compare/,車種比較,,,車両一覧,車種の記発毎に更新,,国内業務部　,,TQP包括発注,上野,無,TQP,TQP,黒谷,静的,,◯,◯,,,確認済み,,,,,
75.0,〇,,,,compare,result,https://toyota.jp/carlineup/compare/result/index.html,,比較結果,,,,,国内業務部　,,TQP包括発注,上野,無,TQP,TQP,黒谷,静的,,◯,◯,,,確認済み,,,,,
76.0,〇,,,,customize/attribute,,https://toyota.jp/carlineup/customize/attribute/,ご購入に際して,,,運用なし,,,国内業務部　,不明,,上野,無,,,,静的,,◯,◯,,,確認済み,,,,,
77.0,〇,,カーライフ,carlife,,,https://toyota.jp/carlife/index.html,カーライフトップ,,,,,,トヨタ自動車デジタル変革推進室,,,田中,無,,,,静的,,◯,◯,,,確認済み,,,,,
78.0,〇,,トヨタのクルマ,welcab,,,https://toyota.jp/welcab/,ウェルキャブトップ,,,ウェルキャブ 新型車情報,,,国内商品部,林,TQP包括発注,上野,無,TQP,TQP,関口,静的,,◯,◯,,,確認済み,,,,,
79.0,〇,,,,carlineup,interiorspace,https://toyota.jp/welcab/carlineup/interiorspace/voxy03/index.html,,各車種説明（インテリア）※第３第４階層トップなし,,,,,国内商品部,林,TQP包括発注,上野,無,TQP,TQP,関口,静的,,◯,◯,,,削除済み,,7/11削除,,,
80.0,〇,,,,events,kanagawa,https://toyota.jp/welcab/events/kanagawa/kanagawa_170902.html,,イベントレポート※第３第４階層トップなし,,,,,国内商品部,林,TQP包括発注,上野,無,TQP,TQP,関口,静的,,◯,◯,,,削除済み,,7/11削除,,,
81.0,〇,,,,,nagoya,https://toyota.jp/welcab/events/nagoya/midland-square_190411.html,,イベントレポート※第３第４階層トップなし,,,,,国内商品部,林,TQP包括発注,上野,無,TQP,TQP,関口,静的,,◯,◯,,,削除済み,,7/11削除,,,
82.0,〇,,,,search,heartful,https://toyota.jp/welcab/search/heartful/fukuoka/160910.html,,ハートフルプラザ,,,,,国内商品部,林,TQP包括発注,上野,無,TQP,TQP,関口,静的,,◯,◯,,,削除済み,,7/11削除,,,
83.0,〇,,,,,heartful,https://toyota.jp/welcab/search/heartful/tokyo/access/index.html,,試乗車検索,,,,,国内商品部,林,TQP包括発注,上野,無,TQP,TQP,関口,静的,,◯,◯,,,削除済み,,7/11削除,,,
84.0,〇,,,,uservoice,tank01,https://toyota.jp/welcab/uservoice/tank01/index.html,,残留ページ（リダイレクトあり・なし・残留あり）,,,,,国内商品部,林,TQP包括発注,上野,無,TQP,TQP,関口,静的,,◯,◯,,,確認済み,,/uservoice/配下のコンテンツを国商とともに精査中,,,
85.0,〇,,,,about,,https://toyota.jp/welcab/about/index.html,ウェルキャブとは,,,,,,国内商品部,林,TQP包括発注,上野,無,TQP,TQP,関口,静的,,◯,◯,,,確認済み,,,,,
86.0,〇,,,,,brand,https://toyota.jp/welcab/about/brand/index.html,,ブランドメッセージ,,,,,国内商品部,林,TQP包括発注,上野,無,TQP,TQP,関口,静的,,◯,◯,,,確認済み,,,,,
87.0,〇,,,,,efforts,https://toyota.jp/welcab/about/efforts/index.html,,開発者の思い,,,,,国内商品部,林,TQP包括発注,上野,無,TQP,TQP,関口,静的,,◯,◯,,,確認済み,,,,,
88.0,〇,,,,,eventreport,https://toyota.jp/welcab/about/eventreport/index.html,,イベントレポート,,,,,国内商品部,林,TQP包括発注,上野,無,TQP,TQP,関口,静的,,◯,◯,,,確認済み,,,,,
89.0,〇,,,,,uservoice,https://toyota.jp/welcab/about/uservoice/index.html,,,,,,,国内商品部,林,TQP包括発注,上野,無,TQP,TQP,関口,静的,,◯,◯,,,確認済み,,,,,
90.0,〇,,,,choose,,https://toyota.jp/welcab/choose/index.html,選び方サポート,,,,,,国内商品部,林,TQP包括発注,上野,無,TQP,TQP,関口,静的,,◯,◯,,,確認済み,,,,,
91.0,〇,,,,,carlineup,https://toyota.jp/welcab/choose/carlineup/index.html,,車種から選ぶ,,,,,国内商品部,林,TQP包括発注,上野,無,TQP,TQP,関口,静的,,◯,◯,,,確認済み,,,,,
92.0,〇,,,,,comparison,https://toyota.jp/welcab/choose/comparison/index.html,,通常車との比較,,,,,国内商品部,林,TQP包括発注,上野,無,TQP,TQP,関口,静的,,◯,◯,,,確認済み,,,,,
93.0,〇,,,,,payment,https://toyota.jp/welcab/choose/payment/index.html,,残価設定型プラン,,,,,国内商品部,林,TQP包括発注,上野,無,TQP,TQP,関口,静的,,◯,◯,,,確認済み,,,,,
94.0,〇,,,,,retrofit,https://toyota.jp/welcab/choose/retrofit/index.html,,後付け・サポート用品,,,,,国内商品部,林,TQP包括発注,上野,無,TQP,TQP,関口,静的,,◯,◯,,,確認済み,,,,,
95.0,〇,,,,,situation,https://toyota.jp/welcab/choose/situation/index.html,,お困り事・シチュエーションから選ぶ,,,,,国内商品部,林,TQP包括発注,上野,無,TQP,TQP,関口,静的,,◯,◯,,,確認済み,,,,,
96.0,〇,,,,,specification01,https://toyota.jp/welcab/choose/specification01/index.html,,仕様・ボディタイプから選ぶ,,,,,国内商品部,林,TQP包括発注,上野,無,TQP,TQP,関口,静的,,◯,◯,,,確認済み,,,,,
97.0,〇,,,,,specification02,https://toyota.jp/welcab/choose/specification02/index.html,,,,,,,国内商品部,林,TQP包括発注,上野,無,TQP,TQP,関口,静的,,◯,◯,,,確認済み,,,,,
98.0,〇,,,,,specification03,https://toyota.jp/welcab/choose/specification03/index.html,,,,,,,国内商品部,林,TQP包括発注,上野,無,TQP,TQP,関口,静的,,◯,◯,,,確認済み,,,,,
99.0,〇,,,,,subsidy,https://toyota.jp/welcab/choose/subsidy/index.html,,税制度・助成制度,,,,,国内商品部,林,TQP包括発注,上野,無,TQP,TQP,関口,静的,,◯,◯,,,確認済み,,,,,
100.0,〇,,,,mail,,https://toyota.jp/welcab/mail/index.html,,メールマガジン,,,,,国内商品部,林,TQP包括発注,上野,無,TQP,TQP,関口,静的,,◯,◯,,,削除済み,,7/11削除,,,
101.0,〇,,,,news,,https://toyota.jp/welcab/news/index.html,,ニュース,,,,,国内商品部,林,TQP包括発注,上野,無,TQP,TQP,関口,静的,,◯,◯,,,確認済み,,,,,
102.0,〇,,,,online_support,,https://toyota.jp/welcab/online_support/index.html,,オンラインサポート,,,,,国内商品部,林,TQP包括発注,上野,無,TQP,TQP,関口,静的,,◯,◯,,,削除済み,,7/11削除,,,
103.0,〇,,,,topics,,https://toyota.jp/welcab/topics/index.html,,トピックス,,,,,国内商品部,林,TQP包括発注,上野,無,TQP,TQP,関口,静的,,◯,◯,,,確認済み,,,,,
104.0,〇,,,,use,,https://toyota.jp/welcab/use/index.html,,使い方サポート,,,,,国内商品部,林,TQP包括発注,上野,無,TQP,TQP,関口,静的,,◯,◯,,,確認済み,,,,,
105.0,〇,,,,,hiace01,https://toyota.jp/welcab/use/hiace01/index.html,,各車種,,,,,国内商品部,林,TQP包括発注,上野,無,TQP,TQP,関口,静的,,◯,◯,,,確認済み,,,,,
106.0,〇,,,,,manual,https://toyota.jp/welcab/use/manual/index.html,,,,,,,国内商品部,林,TQP包括発注,上野,無,TQP,TQP,関口,静的,,◯,◯,,,確認済み,,,,,
107.0,〇,,,,,noah_voxy01,https://toyota.jp/welcab/use/noah_voxy01/index.html,,,,,,,国内商品部,林,TQP包括発注,上野,無,TQP,TQP,関口,静的,,◯,◯,,,確認済み,,,,,
108.0,〇,,,,,noah_voxy02,https://toyota.jp/welcab/use/noah_voxy02/index.html,,,,,,,国内商品部,林,TQP包括発注,上野,無,TQP,TQP,関口,静的,,◯,◯,,,確認済み,,,,,
109.0,〇,,,,,sienta01,https://toyota.jp/welcab/use/sienta01/index.html,,,,,,,国内商品部,林,TQP包括発注,上野,無,TQP,TQP,関口,静的,,◯,◯,,,確認済み,,,,,
110.0,〇,,,,,sienta02,https://toyota.jp/welcab/use/sienta02/index.html,,,,,,,国内商品部,林,TQP包括発注,上野,無,TQP,TQP,関口,静的,,◯,◯,,,確認済み,,,,,
111.0,〇,,,,view,,https://toyota.jp/welcab/view/index.html,,見る・乗る・触る,,,,,国内商品部,林,TQP包括発注,上野,無,TQP,TQP,関口,静的,,◯,◯,,,確認済み,,,,,
112.0,〇,,,,,events,https://toyota.jp/welcab/view/events/index.html,,見る・乗る・触るイベント情報,,,,,国内商品部,林,TQP包括発注,上野,無,TQP,TQP,関口,静的,,◯,◯,,,確認済み,,,,,
113.0,〇,,,,,exhibition,https://toyota.jp/welcab/view/exhibition/welcabstation/index.html,,ウェルキャブステーション,,,,,国内商品部,林,TQP包括発注,上野,無,TQP,TQP,関口,静的,,◯,◯,,,確認済み,,,,,
114.0,〇,,,,,online,https://toyota.jp/welcab/view/online/index.html,,"トヨタの福祉車両
オンライン相談窓口",,,,,国内商品部,林,TQP包括発注,上野,無,TQP,TQP,関口,静的,,◯,◯,,,確認済み,,,,,
115.0,〇,,トヨタのクルマ,ecocar,,,https://toyota.jp/ecocar/,エコカー対象車,,,車両一覧⇒車種の記発毎、または法改定タイミングで更新,,,国内営業部　 需給,,TQP包括発注,,無,TQP,TQP,磯村,静的,,◯,☓,,,確認済み,,,,,
116.0,〇,,,,welcab,,https://toyota.jp/ecocar/welcab/,,エコカー対象車福祉車両,,車両一覧⇒車種の記発毎、または法改定タイミングで更新,,,国内営業部　 需給,,TQP包括発注,,無,TQP,TQP,磯村,静的,,◯,☓,,,確認済み,,,,,
117.0,〇,,,,about1,,https://toyota.jp/ecocar/about1/,,エコカー減税,,運用なし,,,国内営業部　 需給,,TQP包括発注,,無,TQP,TQP,磯村,静的,,◯,☓,,,確認済み,,,,,
118.0,〇,,トヨタのクルマ,technology,,,https://toyota.jp/technology/,トヨタの技術,,,運用なし,,,自動運転・先進安全企画部　安全技術企画Gなど技術系各部,,,,無,TQP,TQP,磯村,静的,,◯,☓,,,削除予定,,ハンバーガーメニューに導線があるので、その導線削除次第、ページ削除,,,
119.0,〇,,,,lineup,,https://toyota.jp/technology/lineup,,機能一覧,,,,,自動運転・先進安全企画部　安全技術企画Gなど技術系各部,,,,無,TQP,TQP,磯村,静的,,◯,☓,,,削除予定,,ハンバーガーメニューに導線があるので、その導線削除次第、ページ削除,,,
120.0,〇,,,,safety,itsconnect,https://toyota.jp/technology/safety/itsconnect,,,,,,,自動運転・先進安全企画部　安全技術企画Gなど技術系各部,,,,無,TQP,TQP,磯村,静的,,◯,☓,,,削除予定,,ハンバーガーメニューに導線があるので、その導線削除次第、ページ削除,,,
121.0,〇,,,,,jncap,https://toyota.jp/technology/safety/jncap/index.html,,incap,,,,,自動運転・先進安全企画部　安全技術企画Gなど技術系各部,,,,無,TQP,TQP,社本,静的,,◯,☓,,,確認済み,,,,,
122.0,〇,,該当なし,kyuden,,,https://toyota.jp/kyuden/,給電コンテンツ,,,車両一覧,車種の記発毎,,自動運転・先進安全企画部　安全技術企画Gなど技術系各部,,,,無,TQP,TQP,廣瀬,静的,,◯,☓,,,確認済み,,,,,
123.0,〇,,,,v2h,,https://toyota.jp/kyuden/v2h/,,他給電系コンテンツ,,車両一覧,車種の記発毎,,自動運転・先進安全企画部　安全技術企画Gなど技術系各部,,,,無,TQP,TQP,廣瀬,静的,,◯,☓,,,確認済み,,,,,
124.0,〇,,,,supporter,,https://toyota.jp/kyuden/supporter/index.html,,給電サポーター,,,,,自動運転・先進安全企画部　安全技術企画Gなど技術系各部,,,,無,TQP,TQP,廣瀬,静的,,◯,☓,,,削除予定,,9/30ドロップ,,,
125.0,〇,,トヨタのクルマ,,,,https://toyota.jp/service/estimate/cars,見積りシミュレーション,,,車両一覧,車種の記発毎,,トヨタ自動車デジタル変革推進室,,,竹村,,TQP,TQP/TC/DN,末吉（洋）,動的,,◯,◯,,,確認済み,,,,,
126.0,〇,,該当なし,member,,,https://toyota.jp/member/mytoyota/,mytoyota,,,運用なし,,,トヨタ自動車デジタル変革推進室,,,,無,,TQP/TC/DN,,静的,,◯,◯,,,確認済み,,,,,
127.0,〇,,該当なし,gr,,,https://toyota.jp/gr/,GR,,,車両一覧,車種の記発毎,,GR企画部/ブランディング推進部　,,,,無,TQP,TQP,社本,静的,,◯,☓,,,確認済み,,,,,
128.0,〇,,,,garage,,https://toyota.jp/gr/garage/,,GR Garage,,店舗ページの増減対応,,,GR企画部/ブランディング推進部　,,,,無,TQP,TQP,社本,静的,,◯,☓,,,確認済み,,,,,
129.0,〇,,,,,mitokeyakidai,https://toyota.jp/gr/garage/mitokeyakidai/,,GR Garage　各店舗,,店舗ページの増減対応,,,GR企画部/ブランディング推進部　,,,,無,TQP,TQP,社本,静的,,◯,☓,,,確認済み,,,,,
130.0,〇,,トヨタのクルマ,request,,,https://toyota.jp/request/#/,購入サポート,,,運用なし,,,国内業務部　事業戦略・人事総括室 or　国内商品・事業部　商品計画室,なし,,,無,,TQP,鵜木,静的,,,,,,確認済み,,,,,
131.0,〇,,,request,payment,,https://toyota.jp/request/payment/,残価設定型プラン,,,運用なし,,,国内商品・事業部,なし,,,無,TQP,TQP,鵜木,静的,,◯,☓,,,確認済み,,,,,
132.0,〇,,,,payment,tripleassist1,https://toyota.jp/request/payment/tripleassist1/index.html,,,,,,,国内商品・事業部,なし,,,無,TQP,TQP,鵜木,静的,,◯,☓,,,確認済み,,,,,
133.0,〇,,,,payment,tripleassist2,https://toyota.jp/request/payment/tripleassist2/index.html,,,,,,,国内商品・事業部,なし,,,無,TQP,TQP,鵜木,静的,,◯,☓,,,確認済み,,,,,
134.0,〇,,,,payment,tripleassist4,https://toyota.jp/request/payment/tripleassist4/index.html,,,,,,,国内商品・事業部,なし,,,無,TQP,TQP,鵜木,静的,,◯,☓,,,確認済み,,,,,
135.0,〇,,,,howtobuy,,https://toyota.jp/request/howtobuy/,新車の支払いプラン,,,運用なし,,,国内商品・事業部,なし,,,無,TQP,TQP,鵜木,静的,,◯,☓,,,確認済み,,,,,
136.0,〇,,,,zansue,,https://toyota.jp/request/zansue/,残額据え置き払い,,,運用なし,,,国内商品・事業部,なし,,,無,TQP,TQP,鵜木,静的,,◯,☓,,,確認済み,,,,,
137.0,〇,,,,zansue,case1,https://toyota.jp/request/zansue/case1/index.html,,,,,,,国内商品・事業部,なし,,,無,TQP,TQP,鵜木,静的,,◯,☓,,,確認済み,,,,,
138.0,〇,,,,zansue,voice,https://toyota.jp/request/zansue/voice/index.html,,,,,,,国内商品・事業部,なし,,,無,TQP,TQP,鵜木,静的,,◯,☓,,,確認済み,,,,,
139.0,〇,,,,kinto,,https://toyota.jp/request/kinto/,KINTO,,,人気のクルマエリアを更新,,,KINTO,各担当,,,無,TQP,TQP,鵜木,静的,,◯,☓,,,確認済み,,,,,
140.0,〇,,,,compare,,https://toyota.jp/request/compare/,支払いプランかんたん比較（窓口常設の代わりでは？）,,,運用なし,,,国内商品・事業部/KINTO,各担当,,,無,TQP,TQP,鵜木,静的,,◯,☓,,,確認済み,,,,,
141.0,〇,,該当なし,,tenji,,https://toyota.jp/request/tenji/,展示施設,,,運用なし,,,？,？,,,無,,TQP,鵜木,静的,,◯,☓,,,削除済み,,7/15削除,,,
142.0,〇,,トヨタのクルマ,,webcatalog,,https://toyota.jp/request/webcatalog/,WEBカタログ一覧,,,車両一覧,車種の記発毎,,国内業務部　,,TQP包括発注,,無,TQP,TQP,黒谷,静的,,◯,☓,,,確認済み,,,,,
143.0,〇,,,,,alphard,https://toyota.jp/request/webcatalog/alphard/,,各車種WEBカタログ,,車両一覧,車種の記発毎,,国内業務部　,,TQP包括発注,,無,TQP,TQP,黒谷,静的,,◯,☓,,,確認済み,,,,,
144.0,〇,,,,,86,https://toyota.jp/request/webcatalog/86/index.html,,,,,,,国内業務部　,,TQP包括発注,,無,TQP,TQP,黒谷,静的,,◯,☓,,,確認済み,,,,,
145.0,〇,,,,,alphard,https://toyota.jp/request/webcatalog/alphard/index.html,,,,,,,国内業務部　,,TQP包括発注,,無,TQP,TQP,黒谷,静的,,◯,☓,,,確認済み,,,,,
146.0,〇,,,,,aqua,https://toyota.jp/request/webcatalog/aqua/index.html,,,,,,,国内業務部　,,TQP包括発注,,無,TQP,TQP,黒谷,静的,,◯,☓,,,確認済み,,,,,
147.0,〇,,,,,business,https://toyota.jp/request/webcatalog/business/index.html,,,,,,,国内業務部　,,TQP包括発注,,無,TQP,TQP,黒谷,静的,,◯,☓,,,確認済み,,,,,
148.0,〇,,,,,bz4x,https://toyota.jp/request/webcatalog/bz4x/index.html,,,,,,,国内業務部　,,TQP包括発注,,無,TQP,TQP,黒谷,静的,,◯,☓,,,確認済み,,,,,
149.0,〇,,,,,century,https://toyota.jp/request/webcatalog/century/index.html,,,,,,,国内業務部　,,TQP包括発注,,無,TQP,TQP,黒谷,静的,,◯,☓,,,確認済み,,,,,
150.0,〇,,,,,centurynewbt,https://toyota.jp/request/webcatalog/centurynewbt/index.html,,,,,,,国内業務部　,,TQP包括発注,,無,TQP,TQP,黒谷,静的,,◯,☓,,,確認済み,,,,,
151.0,〇,,,,,coaster,https://toyota.jp/request/webcatalog/coaster/index.html,,,,,,,国内業務部　,,TQP包括発注,,無,TQP,TQP,黒谷,静的,,◯,☓,,,確認済み,,,,,
152.0,〇,,,,,copen,https://toyota.jp/request/webcatalog/copen/index.html,,,,,,,国内業務部　,,TQP包括発注,,無,TQP,TQP,黒谷,静的,,◯,☓,,,確認済み,,,,,
153.0,〇,,,,,corolla,https://toyota.jp/request/webcatalog/corolla/index.html,,,,,,,国内業務部　,,TQP包括発注,,無,TQP,TQP,黒谷,静的,,◯,☓,,,確認済み,,,,,
154.0,〇,,,,,corollaaxio,https://toyota.jp/request/webcatalog/corollaaxio/index.html,,,,,,,国内業務部　,,TQP包括発注,,無,TQP,TQP,黒谷,静的,,◯,☓,,,確認済み,,,,,
155.0,〇,,,,,corollacross,https://toyota.jp/request/webcatalog/corollacross/index.html,,,,,,,国内業務部　,,TQP包括発注,,無,TQP,TQP,黒谷,静的,,◯,☓,,,確認済み,,,,,
156.0,〇,,,,,corollafielder,https://toyota.jp/request/webcatalog/corollafielder/index.html,,,,,,,国内業務部　,,TQP包括発注,,無,TQP,TQP,黒谷,静的,,◯,☓,,,確認済み,,,,,
157.0,〇,,,,,corollasport,https://toyota.jp/request/webcatalog/corollasport/index.html,,,,,,,国内業務部　,,TQP包括発注,,無,TQP,TQP,黒谷,静的,,◯,☓,,,確認済み,,,,,
158.0,〇,,,,,corollatouring,https://toyota.jp/request/webcatalog/corollatouring/index.html,,,,,,,国内業務部　,,TQP包括発注,,無,TQP,TQP,黒谷,静的,,◯,☓,,,確認済み,,,,,
159.0,〇,,,,,crown,https://toyota.jp/request/webcatalog/crown/index.html,,,,,,,国内業務部　,,TQP包括発注,,無,TQP,TQP,黒谷,静的,,◯,☓,,,確認済み,,,,,
160.0,〇,,,,,crowncrossover,https://toyota.jp/request/webcatalog/crowncrossover/index.html,,,,,,,国内業務部　,,TQP包括発注,,無,TQP,TQP,黒谷,静的,,◯,☓,,,確認済み,,,,,
161.0,〇,,,,,crownestate,https://toyota.jp/request/webcatalog/crownestate/index.html,,,,,,,国内業務部　,,TQP包括発注,,無,TQP,TQP,黒谷,静的,,◯,☓,,,確認済み,,,,,
162.0,〇,,,,,crownsport,https://toyota.jp/request/webcatalog/crownsport/index.html,,,,,,,国内業務部　,,TQP包括発注,,無,TQP,TQP,黒谷,静的,,◯,☓,,,確認済み,,,,,
163.0,〇,,,,,cwalks,https://toyota.jp/request/webcatalog/cwalks/index.html,,,,,,,国内業務部　,,TQP包括発注,,無,TQP,TQP,黒谷,静的,,◯,☓,,,確認済み,,,,,
164.0,〇,,,,,cwalkt,https://toyota.jp/request/webcatalog/cwalkt/index.html,,,,,,,国内業務部　,,TQP包括発注,,無,TQP,TQP,黒谷,静的,,◯,☓,,,確認済み,,,,,
165.0,〇,,,,,dynacargo_1t,https://toyota.jp/request/webcatalog/dynacargo_1t/index.html,,,,,,,国内業務部　,,TQP包括発注,,無,TQP,TQP,黒谷,静的,,◯,☓,,,確認済み,,,,,
166.0,〇,,,,,dynacargo_2t,https://toyota.jp/request/webcatalog/dynacargo_2t/index.html,,,,,,,国内業務部　,,TQP包括発注,,無,TQP,TQP,黒谷,静的,,◯,☓,,,確認済み,,,,,
167.0,〇,,,,,dynadump,https://toyota.jp/request/webcatalog/dynadump/index.html,,,,,,,国内業務部　,,TQP包括発注,,無,TQP,TQP,黒谷,静的,,◯,☓,,,確認済み,,,,,
168.0,〇,,,,,grcorolla,https://toyota.jp/request/webcatalog/grcorolla/index.html,,,,,,,国内業務部　,,TQP包括発注,,無,TQP,TQP,黒谷,静的,,◯,☓,,,確認済み,,,,,
169.0,〇,,,,,gryaris,https://toyota.jp/request/webcatalog/gryaris/index.html,,,,,,,国内業務部　,,TQP包括発注,,無,TQP,TQP,黒谷,静的,,◯,☓,,,確認済み,,,,,
170.0,〇,,,,,harrier,https://toyota.jp/request/webcatalog/harrier/index.html,,,,,,,国内業務部　,,TQP包括発注,,無,TQP,TQP,黒谷,静的,,◯,☓,,,確認済み,,,,,
171.0,〇,,,,,hiacecommuter,https://toyota.jp/request/webcatalog/hiacecommuter/index.html,,,,,,,国内業務部　,,TQP包括発注,,無,TQP,TQP,黒谷,静的,,◯,☓,,,確認済み,,,,,
172.0,〇,,,,,hiacevan,https://toyota.jp/request/webcatalog/hiacevan/index.html,,,,,,,国内業務部　,,TQP包括発注,,無,TQP,TQP,黒谷,静的,,◯,☓,,,確認済み,,,,,
173.0,〇,,,,,hiacewagon,https://toyota.jp/request/webcatalog/hiacewagon/index.html,,,,,,,国内業務部　,,TQP包括発注,,無,TQP,TQP,黒谷,静的,,◯,☓,,,確認済み,,,,,
174.0,〇,,,,,jpntaxi,https://toyota.jp/request/webcatalog/jpntaxi/index.html,,,,,,,国内業務部　,,TQP包括発注,,無,TQP,TQP,黒谷,静的,,◯,☓,,,確認済み,,,,,
175.0,〇,,,,,landcruiser,https://toyota.jp/request/webcatalog/landcruiser/index.html,,,,,,,国内業務部　,,TQP包括発注,,無,TQP,TQP,黒谷,静的,,◯,☓,,,確認済み,,,,,
176.0,〇,,,,,landcruiser250,https://toyota.jp/request/webcatalog/landcruiser250/index.html,,,,,,,国内業務部　,,TQP包括発注,,無,TQP,TQP,黒谷,静的,,◯,☓,,,確認済み,,,,,
177.0,〇,,,,,landcruiser300,https://toyota.jp/request/webcatalog/landcruiser300/index.html,,,,,,,国内業務部　,,TQP包括発注,,無,TQP,TQP,黒谷,静的,,◯,☓,,,確認済み,,,,,
178.0,〇,,,,,landcruiser70,https://toyota.jp/request/webcatalog/landcruiser70/index.html,,,,,,,国内業務部　,,TQP包括発注,,無,TQP,TQP,黒谷,静的,,◯,☓,,,確認済み,,,,,
179.0,〇,,,,,mirai,https://toyota.jp/request/webcatalog/mirai/index.html,,,,,,,国内業務部　,,TQP包括発注,,無,TQP,TQP,黒谷,静的,,◯,☓,,,確認済み,,,,,
180.0,〇,,,,,noah,https://toyota.jp/request/webcatalog/noah/index.html,,,,,,,国内業務部　,,TQP包括発注,,無,TQP,TQP,黒谷,静的,,◯,☓,,,確認済み,,,,,
181.0,〇,,,,,pixisepoch,https://toyota.jp/request/webcatalog/pixisepoch/index.html,,,,,,,国内業務部　,,TQP包括発注,,無,TQP,TQP,黒谷,静的,,◯,☓,,,確認済み,,,,,
182.0,〇,,,,,pixistruck,https://toyota.jp/request/webcatalog/pixistruck/index.html,,,,,,,国内業務部　,,TQP包括発注,,無,TQP,TQP,黒谷,静的,,◯,☓,,,確認済み,,,,,
183.0,〇,,,,,pixisvan,https://toyota.jp/request/webcatalog/pixisvan/index.html,,,,,,,国内業務部　,,TQP包括発注,,無,TQP,TQP,黒谷,静的,,◯,☓,,,確認済み,,,,,
184.0,〇,,,,,prius,https://toyota.jp/request/webcatalog/prius/index.html,,,,,,,国内業務部　,,TQP包括発注,,無,TQP,TQP,黒谷,静的,,◯,☓,,,確認済み,,,,,
185.0,〇,,,,,probox,https://toyota.jp/request/webcatalog/probox/index.html,,,,,,,国内業務部　,,TQP包括発注,,無,TQP,TQP,黒谷,静的,,◯,☓,,,確認済み,,,,,
186.0,〇,,,,,raize,https://toyota.jp/request/webcatalog/raize/index.html,,,,,,,国内業務部　,,TQP包括発注,,無,TQP,TQP,黒谷,静的,,◯,☓,,,確認済み,,,,,
187.0,〇,,,,,rav4,https://toyota.jp/request/webcatalog/rav4/index.html,,,,,,,国内業務部　,,TQP包括発注,,無,TQP,TQP,黒谷,静的,,◯,☓,,,確認済み,,,,,
188.0,〇,,,,,roomy,https://toyota.jp/request/webcatalog/roomy/index.html,,,,,,,国内業務部　,,TQP包括発注,,無,TQP,TQP,黒谷,静的,,◯,☓,,,確認済み,,,,,
189.0,〇,,,,,sienta,https://toyota.jp/request/webcatalog/sienta/index.html,,,,,,,国内業務部　,,TQP包括発注,,無,TQP,TQP,黒谷,静的,,◯,☓,,,確認済み,,,,,
190.0,〇,,,,,supra,https://toyota.jp/request/webcatalog/supra/index.html,,,,,,,国内業務部　,,TQP包括発注,,無,TQP,TQP,黒谷,静的,,◯,☓,,,確認済み,,,,,
191.0,〇,,,,,townacevan,https://toyota.jp/request/webcatalog/townacevan/index.html,,,,,,,国内業務部　,,TQP包括発注,,無,TQP,TQP,黒谷,静的,,◯,☓,,,確認済み,,,,,
192.0,〇,,,,,vellfire,https://toyota.jp/request/webcatalog/vellfire/index.html,,,,,,,国内業務部　,,TQP包括発注,,無,TQP,TQP,黒谷,静的,,◯,☓,,,確認済み,,,,,
193.0,〇,,,,,voxy,https://toyota.jp/request/webcatalog/voxy/index.html,,,,,,,国内業務部　,,TQP包括発注,,無,TQP,TQP,黒谷,静的,,◯,☓,,,確認済み,,,,,
194.0,〇,,,,,welcab,https://toyota.jp/request/webcatalog/welcab/index.html,,,,,,,国内業務部　,,TQP包括発注,,無,TQP,TQP,黒谷,静的,,◯,☓,,,確認済み,,,,,
195.0,〇,,,,,yaris,https://toyota.jp/request/webcatalog/yaris/index.html,,,,,,,国内業務部　,,TQP包括発注,,無,TQP,TQP,黒谷,静的,,◯,☓,,,確認済み,,,,,
196.0,〇,,,,,yariscross,https://toyota.jp/request/webcatalog/yariscross/index.html,,,,,,,国内業務部　,,TQP包括発注,,無,TQP,TQP,黒谷,静的,,◯,☓,,,確認済み,,,,,
197.0,〇,,トヨタのクルマ,dop（リニューアル）,,,https://toyota.jp/dop/,アクセサリー,,,,,,国内商品・事業部,高瀬,,,無,TQP,TQP,社本,静的,◯,◯,☓,,,確認済み,,,,,
198.0,〇,,,,carlineup,,https://toyota.jp/dop/carlineup/,クルマから選ぶ,,,,,,国内商品・事業部,高瀬,,,無,TQP,TQP,社本,静的,◯,◯,☓,,,確認済み,,,,,
199.0,〇,,,,navi,,https://toyota.jp/dop/navi/,カーナビ／オーディオ,,,,,,国内商品・事業部,高瀬,,,無,TQP,TQP,社本,静的,◯,◯,☓,,,確認済み,,,,,
200.0,〇,,,,,audio,https://toyota.jp/dop/navi/audio/index.html,,各用品,,,,,国内商品・事業部,高瀬,,,無,TQP,TQP,社本,静的,◯,◯,☓,,,確認済み,,,,,
201.0,〇,,,,,displayaudio_02,https://toyota.jp/dop/navi/displayaudio_02/index.html,,,,,,,国内商品・事業部,高瀬,,,無,TQP,TQP,社本,静的,◯,◯,☓,,,確認済み,,,,,
202.0,〇,,,,,displayaudio,https://toyota.jp/dop/navi/displayaudio/index.html,,,,,,,国内商品・事業部,高瀬,,,無,TQP,TQP,社本,静的,◯,◯,☓,,,確認済み,,,,,
203.0,〇,,,,,function_audio,https://toyota.jp/dop/navi/function_audio/index.html,,,,,,,国内商品・事業部,高瀬,,,無,TQP,TQP,社本,静的,◯,◯,☓,,,確認済み,,,,,
204.0,〇,,,,,function_navi,https://toyota.jp/dop/navi/function_navi/index.html,,,,,,,国内商品・事業部,高瀬,,,無,TQP,TQP,社本,静的,◯,◯,☓,,,確認済み,,,,,
205.0,〇,,,,,function_smartphonelink,https://toyota.jp/dop/navi/function_smartphonelink/index.html,,,,,,,国内商品・事業部,高瀬,,,無,TQP,TQP,社本,静的,◯,◯,☓,,,確認済み,,,,,
206.0,〇,,,,,lineup,https://toyota.jp/dop/navi/lineup/index.html,,,,,,,国内商品・事業部,高瀬,,,無,TQP,TQP,社本,静的,◯,◯,☓,,,確認済み,,,,,
207.0,〇,,,,,lineup,https://toyota.jp/dop/navi/lineup/nmzk-w73d/index.html,,,,,,,国内商品・事業部,高瀬,,,無,TQP,TQP,社本,静的,◯,◯,☓,,,確認済み,,,,,
208.0,〇,,,,,lineup,https://toyota.jp/dop/navi/lineup/nmzn-y73d/index.html,,,,,,,国内商品・事業部,高瀬,,,無,TQP,TQP,社本,静的,◯,◯,☓,,,確認済み,,,,,
209.0,〇,,,,,manual,https://toyota.jp/dop/navi/manual/index.html,,,,,,,国内商品・事業部,高瀬,,,無,TQP,TQP,社本,静的,◯,◯,☓,,,削除予定,,26年3月削除予定,,,
210.0,〇,,,,,navikit,https://toyota.jp/dop/navi/navikit/index.html,,,,,,,国内商品・事業部,高瀬,,,無,TQP,TQP,社本,静的,◯,◯,☓,,,削除済み,,,,,
211.0,〇,,,,,update,https://toyota.jp/dop/navi/update/index.html,,,,,,,国内商品・事業部,高瀬,,,無,TQP,TQP,社本,静的,◯,◯,☓,,,確認済み,,,,,
212.0,〇,,,,navioption,,https://toyota.jp/dop/navioption/,ナビオプション,,,,,,国内商品・事業部,福永,,,無,TQP,TQP,社本,静的,◯,◯,☓,,,確認済み,,,,,
213.0,〇,,,,navisoft,,https://toyota.jp/dop/navisoft/index.html,最新版地図ソフト,,,,,,国内商品部,神田,,,,TQP,TQP,磯村,動的,◯,◯,☓,,,確認済み,,,,,
214.0,〇,,,,,update,https://toyota.jp/dop/navisoft/update/index.html,,更新情報,,最新ナビ情報が表示,,,国内商品部,神田,,竹村,,TQP,TQP,磯村,動的,◯,◯,☓,,,確認済み,,,,,
215.0,〇,,,,,,https://toyota.jp/dop/safety/,安心・安全,,,,,,国内商品・事業部,高瀬,,,無,TQP,TQP,社本,静的,◯,,,,,確認済み,,,,,
216.0,〇,,,,comfortable,,https://toyota.jp/dop/comfortable/,快適・便利,,,,,,国内商品・事業部,高瀬,,,無,TQP,TQP,社本,静的,◯,,,,,確認済み,,,,,
217.0,〇,,,,,armrest,https://toyota.jp/dop/comfortable/armrest/index.html,,各用品,,,,,国内商品・事業部,高瀬,,,無,TQP,TQP,社本,静的,◯,◯,☓,,,削除予定,,26年3月削除予定,,,
218.0,〇,,,,,clean_ceilinglight,https://toyota.jp/dop/comfortable/clean_ceilinglight/index.html,,,,,,,国内商品・事業部,高瀬,,,無,TQP,TQP,社本,静的,◯,◯,☓,,,確認済み,,,,,
219.0,〇,,,,,floormat,https://toyota.jp/dop/comfortable/floormat/index.html,,,,,,,国内商品・事業部,高瀬,,,無,TQP,TQP,社本,静的,◯,◯,☓,,,削除予定,,26年3月削除予定,,,
220.0,〇,,,,,ladderrack,https://toyota.jp/dop/comfortable/ladderrack/index.html,,,,,,,国内商品・事業部,高瀬,,,無,TQP,TQP,社本,静的,◯,◯,☓,,,確認済み,,,,,
221.0,〇,,,,,multiholder,https://toyota.jp/dop/comfortable/multiholder/index.html,,,,,,,国内商品・事業部,高瀬,,,無,TQP,TQP,社本,静的,◯,◯,☓,,,削除予定,,26年3月削除予定,,,
222.0,〇,,,,,quick_door,https://toyota.jp/dop/comfortable/quick_door/index.html,,,,,,,国内商品・事業部,高瀬,,,無,TQP,TQP,社本,静的,◯,◯,☓,,,確認済み,,,,,
223.0,〇,,,,,remotestart,https://toyota.jp/dop/comfortable/remotestart/index.html,,,,,,,国内商品・事業部,高瀬,,,無,TQP,TQP,社本,静的,◯,◯,☓,,,削除予定,,26年3月削除予定,,,
224.0,〇,,,,,remotestartkit,https://toyota.jp/dop/comfortable/remotestartkit/index.html,,,,,,,国内商品・事業部,高瀬,,,無,TQP,TQP,社本,静的,◯,◯,☓,,,確認済み,,,,,
225.0,〇,,,,,shibetsu_fin,https://toyota.jp/dop/comfortable/shibetsu_fin/index.html,,,,,,,国内商品・事業部,高瀬,,,無,TQP,TQP,社本,静的,◯,◯,☓,,,確認済み,,,,,
226.0,〇,,,,,shimotoriwasher,https://toyota.jp/dop/comfortable/shimotoriwasher/index.html,,,,,,,国内商品・事業部,高瀬,,,無,TQP,TQP,社本,静的,◯,◯,☓,,,削除予定,,26年3月削除予定,,,
227.0,〇,,,,,slfloormat,https://toyota.jp/dop/comfortable/slfloormat/index.html,,,,,,,国内商品・事業部,高瀬,,,無,TQP,TQP,社本,静的,◯,◯,☓,,,削除予定,,26年3月削除予定,,,
228.0,〇,,,,,usbjackillumination,https://toyota.jp/dop/comfortable/usbjackillumination/index.html,,,,,,,国内商品・事業部,高瀬,,,無,TQP,TQP,社本,静的,◯,◯,☓,,,削除予定,,26年3月削除予定,,,
229.0,〇,,,,navioption,,https://toyota.jp/dop/navioption/index.html,ナビオプション,,,,,,国内商品・事業部,高瀬,,,無,TQP,TQP,社本,静的,◯,◯,☓,,,確認済み,,,,,
230.0,〇,,,,,back_guide_monitor,https://toyota.jp/dop/navioption/back_guide_monitor/index.html,,各ナビオプション,,,,,国内商品・事業部,高瀬,,,無,TQP,TQP,社本,静的,◯,◯,☓,,,確認済み,,,,,
231.0,〇,,,,,back_seat_monitor_12_1,https://toyota.jp/dop/navioption/back_seat_monitor_12_1/index.html,,,,,,,国内商品・事業部,高瀬,,,無,TQP,TQP,社本,静的,◯,◯,☓,,,確認済み,,,,,
232.0,〇,,,,,back_seat_monitor_v13t-r72f,https://toyota.jp/dop/navioption/back_seat_monitor_v13t-r72f/index.html,,,,,,,国内商品・事業部,高瀬,,,無,TQP,TQP,社本,静的,◯,◯,☓,,,確認済み,,,,,
233.0,〇,,,,,built-in_basic,https://toyota.jp/dop/navioption/built-in_basic/index.html,,,,,,,国内商品・事業部,高瀬,,,無,TQP,TQP,社本,静的,◯,◯,☓,,,確認済み,,,,,
234.0,〇,,,,,built-in,https://toyota.jp/dop/navioption/built-in/index.html,,,,,,,国内商品・事業部,高瀬,,,無,TQP,TQP,社本,静的,◯,◯,☓,,,確認済み,,,,,
235.0,〇,,,,,camera_drive_recorder,https://toyota.jp/dop/navioption/camera_drive_recorder/index.html,,,,,,,国内商品・事業部,高瀬,,,無,TQP,TQP,社本,静的,◯,◯,☓,,,確認済み,,,,,
236.0,〇,,,,,drive_recorder_drn-h72n,https://toyota.jp/dop/navioption/drive_recorder_drn-h72n/index.html,,,,,,,国内商品・事業部,高瀬,,,無,TQP,TQP,社本,静的,◯,◯,☓,,,確認済み,,,,,
237.0,〇,,,,,etc_about,https://toyota.jp/dop/navioption/etc_about/index.html,,,,,,,国内商品・事業部,高瀬,,,無,TQP,TQP,社本,静的,◯,◯,☓,,,確認済み,,,,,
238.0,〇,,,,,etc2_about,https://toyota.jp/dop/navioption/etc2_about/index.html,,,,,,,国内商品・事業部,高瀬,,,無,TQP,TQP,社本,静的,◯,◯,☓,,,削除予定,,26年3月削除予定,,,
239.0,〇,,,,,hanyou_basic,https://toyota.jp/dop/navioption/hanyou_basic/index.html,,,,,,,国内商品・事業部,高瀬,,,無,TQP,TQP,社本,静的,◯,◯,☓,,,削除予定,,26年3月削除予定,,,
240.0,〇,,,,,hanyou_voice,https://toyota.jp/dop/navioption/hanyou_voice/index.html,,,,,,,国内商品・事業部,高瀬,,,無,TQP,TQP,社本,静的,◯,◯,☓,,,削除予定,,26年3月削除予定,,,
241.0,〇,,,,,hdmi,https://toyota.jp/dop/navioption/hdmi/index.html,,,,,,,国内商品・事業部,高瀬,,,無,TQP,TQP,社本,静的,◯,◯,☓,,,確認済み,,,,,
242.0,〇,,,,,its_built-in_navi,https://toyota.jp/dop/navioption/its_built-in_navi/index.html,,,,,,,国内商品・事業部,高瀬,,,無,TQP,TQP,社本,静的,◯,◯,☓,,,削除予定,,26年3月削除予定,,,
243.0,〇,,,,,its_built-in_voice,https://toyota.jp/dop/navioption/its_built-in_voice/index.html,,,,,,,国内商品・事業部,高瀬,,,無,TQP,TQP,社本,静的,◯,◯,☓,,,削除予定,,26年3月削除予定,,,
244.0,〇,,,,,its_built-in,https://toyota.jp/dop/navioption/its_built-in/index.html,,,,,,,国内商品・事業部,高瀬,,,無,TQP,TQP,社本,静的,◯,◯,☓,,,削除予定,,26年3月削除予定,,,
245.0,〇,,,,,its_hanyou_navi,https://toyota.jp/dop/navioption/its_hanyou_navi/index.html,,,,,,,国内商品・事業部,高瀬,,,無,TQP,TQP,社本,静的,◯,◯,☓,,,削除予定,,26年3月削除予定,,,
246.0,〇,,,,,its_hanyou_voice,https://toyota.jp/dop/navioption/its_hanyou_voice/index.html,,,,,,,国内商品・事業部,高瀬,,,無,TQP,TQP,社本,静的,◯,◯,☓,,,削除予定,,26年3月削除予定,,,
247.0,〇,,,,,its_hanyou,https://toyota.jp/dop/navioption/its_hanyou/index.html,,,,,,,国内商品・事業部,高瀬,,,無,TQP,TQP,社本,静的,◯,◯,☓,,,削除予定,,26年3月削除予定,,,
248.0,〇,,,,,premium_8ch_tweeter,https://toyota.jp/dop/navioption/premium_8ch_tweeter/index.html,,,,,,,国内商品・事業部,高瀬,,,無,TQP,TQP,社本,静的,◯,◯,☓,,,確認済み,,,,,
249.0,〇,,,,,premium_sound_system,https://toyota.jp/dop/navioption/premium_sound_system/index.html,,,,,,,国内商品・事業部,高瀬,,,無,TQP,TQP,社本,静的,◯,◯,☓,,,確認済み,,,,,
250.0,〇,,,,,tweeter_plus,https://toyota.jp/dop/navioption/tweeter_plus/index.html,,,,,,,国内商品・事業部,高瀬,,,無,TQP,TQP,社本,静的,◯,◯,☓,,,確認済み,,,,,
251.0,〇,,,,,tz-d203mw,https://toyota.jp/dop/navioption/tz-d203mw/index.html,,,,,,,国内商品・事業部,高瀬,,,無,TQP,TQP,社本,静的,◯,◯,☓,,,確認済み,,,,,
252.0,〇,,,,,tz-dr210,https://toyota.jp/dop/navioption/tz-dr210/index.html,,,,,,,国内商品・事業部,高瀬,,,無,TQP,TQP,社本,静的,◯,◯,☓,,,確認済み,,,,,
253.0,〇,,,,,tz-dr300,https://toyota.jp/dop/navioption/tz-dr300/index.html,,,,,,,国内商品・事業部,高瀬,,,無,TQP,TQP,社本,静的,◯,◯,☓,,,確認済み,,,,,
254.0,〇,,,,,tz-dr500,https://toyota.jp/dop/navioption/tz-dr500/index.html,,,,,,,国内商品・事業部,高瀬,,,無,TQP,TQP,社本,静的,◯,◯,☓,,,確認済み,,,,,
255.0,〇,,,,safety,,https://toyota.jp/dop/safety/index.html,安心・安全,,,,,,国内商品・事業部,高瀬,,,無,TQP,TQP,社本,静的,◯,◯,☓,,,削除予定,,26年3月削除予定,,,
256.0,〇,,,,,childseat,https://toyota.jp/dop/safety/childseat/i-size/index.html,,安心・安全（各用品）,,,,,国内商品・事業部,高瀬,,,無,TQP,TQP,社本,静的,◯,◯,☓,,,削除予定,,26年3月削除予定,,,
257.0,〇,,,,,childseat,https://toyota.jp/dop/safety/childseat/index.html,,,,,,,国内商品・事業部,高瀬,,,無,TQP,TQP,社本,静的,◯,◯,☓,,,削除予定,,26年3月削除予定,,,
258.0,〇,,,,,childseat,https://toyota.jp/dop/safety/childseat/installation/index.html,,,,,,,国内商品・事業部,高瀬,,,無,TQP,TQP,社本,静的,◯,◯,☓,,,削除予定,,26年3月削除予定,,,
259.0,〇,,,,,childseat,https://toyota.jp/dop/safety/childseat/neo_gchild_junior/index.html,,,,,,,国内商品・事業部,高瀬,,,無,TQP,TQP,社本,静的,◯,◯,☓,,,削除予定,,26年3月削除予定,,,
260.0,〇,,,,,cushion,https://toyota.jp/dop/safety/cushion/index.html,,,,,,,国内商品・事業部,高瀬,,,無,TQP,TQP,社本,静的,◯,◯,☓,,,削除予定,,26年3月削除予定,,,
261.0,〇,,,,,lockbolt,https://toyota.jp/dop/safety/lockbolt/index.html,,,,,,,国内商品・事業部,高瀬,,,無,TQP,TQP,社本,静的,◯,◯,☓,,,削除予定,,26年3月削除予定,,,
262.0,〇,,,,,okizariboushi,https://toyota.jp/dop/safety/okizariboushi/index.html,,,,,,,国内商品・事業部,高瀬,,,無,TQP,TQP,社本,静的,◯,◯,☓,,,確認済み,,,,,
263.0,〇,,,,,plussupportkey,https://toyota.jp/dop/safety/plussupportkey/index.html,,,,,,,国内商品・事業部,高瀬,,,無,TQP,TQP,社本,静的,◯,◯,☓,,,確認済み,,,,,
264.0,〇,,,,,security,https://toyota.jp/dop/safety/security/index.html,,,,,,,国内商品・事業部,高瀬,,,無,TQP,TQP,社本,静的,◯,◯,☓,,,確認済み,,,,,
265.0,〇,,,,,securitysystem,https://toyota.jp/dop/safety/securitysystem/index.html,,,,,,,国内商品・事業部,高瀬,,,無,TQP,TQP,社本,静的,◯,◯,☓,,,確認済み,,,,,
266.0,〇,,,,,sideviewmirror,https://toyota.jp/dop/safety/sideviewmirror/index.html,,,,,,,国内商品・事業部,高瀬,,,無,TQP,TQP,社本,静的,◯,◯,☓,,,削除予定,,26年3月削除予定,,,
267.0,〇,,オーナーサポート,tconnectservice,,,https://toyota.jp/tconnectservice/,コネクティッドサービス一覧,,,車種管理（記発毎）,,,eeTOYOTA部　国内コネクティッド企画室,本山雄斗,,,無,TQP,TQP,黒谷,静的,,◯,◯,,,確認済み,,,,,
268.0,〇,,,,,,https://toyota.jp/tconnectservice/information/mapondemand.html,,マップオンデマンド,,運用なし,,,eTOYOTA部　国内コネクティッド企画室,本山雄斗,,,無,TQP,TQP,黒谷,静的,,◯,☓,,,確認済み,,,,,
269.0,〇,,,,,,https://toyota.jp/tconnectservice/informaiton/connected_hoken.html,,保険,,,,,eTOYOTA部　国内コネクティッド企画室,,,,無,TQP,TQP,山根,静的,,◯,◯,,,確認済み,,,,,
270.0,〇,,,,service,,https://toyota.jp/tconnectservice/service/,,クルマからサービスを探す,,車種管理（記発毎）,,,eTOYOTA部　国内コネクティッド企画室,本山雄斗,,,無,TQP,TQP,黒谷,静的,,◯,☓,,,確認済み,,,,,
271.0,〇,,,,,navi,https://toyota.jp/tconnectservice/service/navi/index.html,,各サービス,,,,,eTOYOTA部　国内コネクティッド企画室,本山雄斗,,,無,TQP,TQP,黒谷,静的,,◯,◯,,,削除済み,,,,,
272.0,〇,,,,,other,https://toyota.jp/tconnectservice/service/other/index.html,,,,,,,eTOYOTA部　国内コネクティッド企画室,本山雄斗,,,無,TQP,TQP,黒谷,静的,,◯,◯,,,削除済み,,,,,
273.0,〇,,,,,security,https://toyota.jp/tconnectservice/service/security/index.html,,,,,,,eTOYOTA部　国内コネクティッド企画室,本山雄斗,,,無,TQP,TQP,黒谷,静的,,◯,◯,,,削除済み,,,,,
274.0,〇,,,,,device,https://toyota.jp/tconnectservice/service/device/index.html,,,,,,,eTOYOTA部　国内コネクティッド企画室,本山雄斗,,,無,TQP,TQP,黒谷,静的,,◯,◯,,,削除済み,,,,,
275.0,〇,,,,,operator,https://toyota.jp/tconnectservice/service/operator/index.html,,,,,,,eTOYOTA部　国内コネクティッド企画室,本山雄斗,,,無,TQP,TQP,黒谷,静的,,◯,◯,,,削除済み,,,,,
276.0,〇,,,,,user,https://toyota.jp/tconnectservice/user/,,T-Connectご利用の方へ,,運用なし,,,eTOYOTA部　国内コネクティッド企画室,本山雄斗,,,無,TQP,TQP,黒谷,静的,,◯,☓,,,確認済み,,,,,
277.0,〇,,,,apply,,https://toyota.jp/tconnectservice/apply/index.html,,申し込み,,,,,eTOYOTA部　国内コネクティッド企画室,本山雄斗,,,無,TQP,TQP,黒谷,静的,,◯,◯,,,確認済み,,,,,
278.0,〇,,,,charge,,https://toyota.jp/tconnectservice/charge/index.html,,プラン詳細,,,,,eTOYOTA部　国内コネクティッド企画室,本山雄斗,,,無,TQP,TQP,黒谷,静的,,◯,◯,,,確認済み,,,,,
279.0,〇,,,,contract,,https://toyota.jp/tconnectservice/contract/index.html,,新規・継続の申し込み,,,,,eTOYOTA部　国内コネクティッド企画室,本山雄斗,,,無,TQP,TQP,黒谷,静的,,◯,◯,,,確認済み,,,,,
280.0,〇,,,,tcterms,,https://toyota.jp/tconnectservice/tcterms/index.html,T-Connectの利用規約等,,,,,,eTOYOTA部　国内コネクティッド企画室,本山雄斗,,,無,TQP,TQP,黒谷,静的,,◯,◯,,,確認済み,,,,,
281.0,〇,,,,tokuteisho,,https://toyota.jp/tconnectservice/tokuteisho/index.html,T-Connectのお申し込み内容について（特定商取引法に基づく表記） ,,,,,,eTOYOTA部　国内コネクティッド企画室,本山雄斗,,,無,TQP,TQP,黒谷,静的,,◯,◯,,,削除済み,,,,,
282.0,〇,,オーナーサポート,after_service,,,https://toyota.jp/after_service/,トップ,,,運用なし,,,サービス部・国内事業部,各担当,,,無,TQP,TQP,磯村,静的,,◯,◯,,,確認済み,,,,,
283.0,〇,,,,new_car,,https://toyota.jp/after_service/new_car/,新車ご購入時のおすすめ,,,運用なし,,古い、画質注意,サービス部・国内事業部,各担当,,,無,TQP,TQP,磯村,静的,◯,◯,☓,,,削除予定,,25年11月削除予定,,,
284.0,〇,,,,,car_care,https://toyota.jp/after_service/new_car/car_care/,新車ご購入時におすすめのカーケアメニュー,,,運用なし,,,サービス部・国内事業部,各担当,,,無,TQP,TQP,磯村,静的,◯,◯,☓,,,確認済み,,,,,
285.0,〇,,,,support,,https://toyota.jp/after_service/support/,保証,,,運用なし,,,サービス部・国内事業部,各担当,,,無,TQP,TQP,磯村,静的,◯,◯,☓,,,確認済み,,,,,
286.0,〇,,,,,guarantee,https://toyota.jp/after_service/support/guarantee/index.html,,メーカー保証について,,運用なし,,,サービス部・国内事業部,各担当,,,無,TQP,TQP,磯村,静的,◯,◯,☓,,,確認済み,,,,,
287.0,〇,,,,,hosho,https://toyota.jp/after_service/support/hosho/index.html,,保証がつくしプランについて,,運用なし,,,サービス部・国内事業部,各担当,,,無,TQP,TQP,磯村,静的,◯,◯,☓,,,確認済み,,,,,
288.0,〇,,,,,tsc,https://toyota.jp/after_service/support/tsc/,,トヨタサービスカード,,運用なし,,,サービス部・国内事業部,各担当,,,無,TQP,TQP,磯村,静的,◯,◯,☓,,,確認済み,,,,,
289.0,〇,,,,tech,,https://toyota.jp/after_service/tech/,サービススタッフの技術,,,運用なし,,古い、画質注意,サービス部・国内事業部,各担当,,,無,TQP,TQP,磯村,静的,◯,◯,☓,,,確認済み,,,,,
290.0,〇,,,,car_care,,https://toyota.jp/after_service/car_care/,カーケア,,,運用なし,,,サービス部・国内事業部,各担当,,,無,TQP,TQP,磯村,静的,◯,◯,☓,,,確認済み,,,,,
291.0,〇,,,,,produce,https://toyota.jp/after_service/car_care/produce/,,お客様ニーズにお応えする最適なカーケアメニュー,,運用なし,,見づらい・・,サービス部・国内事業部,各担当,,,無,TQP,TQP,磯村,静的,◯,◯,☓,,,確認済み,,,,,
292.0,〇,,,,,yohin,https://toyota.jp/after_service/car_care/yohin/,,カーケアグッズ,,運用なし,,,サービス部・国内事業部,各担当,,,無,TQP,TQP,磯村,静的,◯,◯,☓,,,確認済み,,,,,
293.0,〇,,,,repair,,https://toyota.jp/after_service/repair/,修理,,,運用なし,,古い、画質注意,サービス部・国内事業部,各担当,,,無,TQP,TQP,磯村,静的,◯,◯,☓,,,確認済み,,,,,
294.0,〇,,,,,kizu,https://toyota.jp/after_service/repair/kizu/index.html,,修理について,,運用なし,,,サービス部・国内事業部,各担当,,,無,TQP,TQP,磯村,静的,◯,◯,☓,,,確認済み,,,,,
295.0,〇,,,,,trouble,https://toyota.jp/after_service/repair/trouble/index.html,,故障かなと思ったら,,運用なし,,,サービス部・国内事業部,各担当,,,無,TQP,TQP,磯村,静的,◯,◯,☓,,,確認済み,,,,,
296.0,〇,,,,tenken,,https://toyota.jp/after_service/tenken/,点検,,,運用なし,,,サービス部・国内事業部,各担当,,,無,TQP,TQP,磯村,静的,◯,◯,☓,,,確認済み,,,,,
297.0,〇,,,,,10mini,https://toyota.jp/after_service/tenken/10mini/,,10ミニッツサービス,,運用なし,,古い、画質注意,サービス部・国内事業部,各担当,,,無,TQP,TQP,磯村,静的,◯,◯,☓,,,確認済み,,,,,
298.0,〇,,,,,about,https://toyota.jp/after_service/tenken/about/maintenance/window/,,メンテナンスについて,,運用なし,,古い、画質注意,サービス部・国内事業部,各担当,,,無,TQP,TQP,磯村,静的,◯,◯,☓,,,確認済み,,,,,
299.0,〇,,,,,daily,https://toyota.jp/after_service/tenken/daily/,,日常点検の手順,,運用なし,,,サービス部・国内事業部,各担当,,,無,TQP,TQP,磯村,静的,◯,◯,☓,,,確認済み,,,,,
300.0,〇,,,,,eco_up,https://toyota.jp/after_service/tenken/eco_up/,,エコUPケア,,運用なし,,古い、画質注意、見づらい,サービス部・国内事業部,各担当,,,無,TQP,TQP,磯村,静的,◯,◯,☓,,,確認済み,,,,,
301.0,〇,,,,,original,https://toyota.jp/after_service/tenken/original/,,トヨタのオリジナル点検,,運用なし,,古い、画質注意、見づらい,サービス部・国内事業部,各担当,,,無,TQP,TQP,磯村,静的,◯,◯,☓,,,確認済み,,,,,
302.0,〇,,,,,pcskit,https://toyota.jp/after_service/tenken/pcskit/,,プリクラッシュセーフティ 昼間の歩行者検知機能追加キット,,車種の記発毎に更新,,"メインタイトルがない
古い、画質注意",サービス部・国内事業部,各担当,,,無,TQP,TQP,磯村,静的,◯,◯,☓,,,確認済み,,,,,
303.0,〇,,,,,teiki,https://toyota.jp/after_service/tenken/teiki/1m/,,無料点検と法定点検,,運用なし,,古い、画質注意,サービス部・国内事業部,各担当,,,無,TQP,TQP,磯村,静的,◯,◯,☓,,,確認済み,,,,,
304.0,〇,,,,syaken,,https://toyota.jp/after_service/syaken/,車検,,,運用なし,,古い、注意,サービス部・国内事業部,各担当,,,無,TQP,TQP,磯村,静的,◯,◯,☓,,,確認済み,,,,,
305.0,〇,,,,,cost,https://toyota.jp/after_service/syaken/cost/zei/index.html,,自動車重量税の改正について（古すぎる）,,運用なし,,,サービス部・国内事業部,各担当,,,無,TQP,TQP,磯村,静的,◯,◯,☓,,,確認済み,,,,,
306.0,〇,,,,,hosho,https://toyota.jp/after_service/syaken/hosho/index.html,,保証がつくしプラン（車検コース）,,運用なし,,,サービス部・国内事業部,各担当,,,無,TQP,TQP,磯村,静的,◯,◯,☓,,,確認済み,,,,,
307.0,〇,,,,,hybrid,https://toyota.jp/after_service/syaken/hybrid/index.html,,トヨタのハイブリッド車検,,運用なし,,,サービス部・国内事業部,各担当,,,無,TQP,TQP,磯村,静的,◯,◯,☓,,,確認済み,,,,,
308.0,〇,,,,,sonoba,https://toyota.jp/after_service/syaken/sonoba/index.html,,車検にもトヨタの安心品質を,,運用なし,,,サービス部・国内事業部,各担当,,,無,TQP,TQP,磯村,静的,◯,◯,☓,,,確認済み,,,,,
309.0,〇,,,,,tech,https://toyota.jp/after_service/syaken/tech/index.html,※車TOPリダイレクト,,,運用なし,,,サービス部・国内事業部,各担当,,,無,TQP,TQP,磯村,静的,◯,◯,☓,,,確認済み,,,,,
310.0,〇,,,,safety,,https://toyota.jp/after_service/safety/,おクルマを安心・安全・快適にお使い頂くために（古い）,,,運用なし,,古い、レスポンシブ対応じゃない,サービス部・国内事業部,各担当,,,無,TQP,TQP,磯村,静的,◯,☓,☓,,,確認済み,,,,,
311.0,〇,,オーナーサポート,function-guide（デザインシステム化）,,,https://toyota.jp/function-guide/,機能操作ガイド,,,車両一覧,車種の記発毎,,国内業務部　,,,,無,,TQP,社本,静的,,◯,◯,,,確認済み,,,,,
312.0,〇,,,,gryaris/?car_grade=rz-hp,,https://toyota.jp/function-guide/gryaris/?car_grade=rz-hp,,各車両ページ,,運用なし,,,国内業務部　,,,,無,,TQP,社本,静的,,◯,◯,,,確認済み,,,,,
313.0,〇,,該当なし,bousai,,,https://toyota.jp/bousai/,トヨタの防災,,,運用なし,,,国内業務部　,不明,,,無,TQP,TQP,磯村,静的,,◯,☓,,,確認済み,,,,,
314.0,〇,,,,handbook,,https://toyota.jp/bousai/handbook/index.html,,防災ハンドブック,,,,,国内業務部　,不明,,,無,TQP,TQP,磯村,静的,,◯,☓,,,削除予定,,26年1月で削除予定,,,
315.0,〇,,,,tag,,https://toyota.jp/bousai/tag/index.html,,防災豆知識,,,,,国内業務部　,不明,,,無,TQP,TQP,磯村,静的,,◯,☓,,,確認済み,,,,,
316.0,〇,,,,tips,,https://toyota.jp/bousai/tips/kyuden_tsukaikata01.html,,ティップス他ページあり,,,,,国内業務部　,不明,,,無,TQP,TQP,磯村,静的,,◯,☓,,,確認済み,,,,,
317.0,〇,,該当なし,manabupark,,,https://toyota.jp/manabupark/,まなぶパーク,,,運用なし,,,国内業務部　,無し,TQP包括発注,,無,TQP,TQP,鈴木裕,静的,,◯,☓,,,確認済み,,,,,
318.0,〇,,,,sdgs,,https://toyota.jp/manabupark/sdgs/,,SDGS,,,,,国内業務部　,無し,TQP包括発注,,無,TQP,TQP,鈴木裕,静的,,◯,☓,,,確認済み,,,,,
319.0,〇,,,,about,,https://toyota.jp/manabupark/about/index.html,,まなぶパークとは,,,,,国内業務部　,無し,TQP包括発注,,無,TQP,TQP,鈴木裕,静的,,◯,☓,,,確認済み,,,,,
320.0,〇,,,,activity,,https://toyota.jp/manabupark/activity/index.html,,各記事,,,,,国内業務部　,無し,TQP包括発注,,無,TQP,TQP,鈴木裕,静的,,◯,☓,,,確認済み,,,,,
321.0,〇,,,,,detail01,https://toyota.jp/manabupark/activity/detail01/index.html,,,,,,,国内業務部　,無し,TQP包括発注,,無,TQP,TQP,鈴木裕,静的,,◯,☓,,,確認済み,,,,,
322.0,〇,,,,,detail04,https://toyota.jp/manabupark/activity/detail04/index.html,,,,,,,国内業務部　,無し,TQP包括発注,,無,TQP,TQP,鈴木裕,静的,,◯,☓,,,確認済み,,,,,
323.0,〇,,,,,detail10,https://toyota.jp/manabupark/activity/detail10/index.html,,,,,,,国内業務部　,無し,TQP包括発注,,無,TQP,TQP,鈴木裕,静的,,◯,☓,,,確認済み,,,,,
324.0,〇,,,,,detail09,https://toyota.jp/manabupark/activity/detail09/index.html,,,,,,,国内業務部　,無し,TQP包括発注,,無,TQP,TQP,鈴木裕,静的,,◯,☓,,,確認済み,,,,,
325.0,〇,,,,,detail03,https://toyota.jp/manabupark/activity/detail03/index.html,,,,,,,国内業務部　,無し,TQP包括発注,,無,TQP,TQP,鈴木裕,静的,,◯,☓,,,確認済み,,,,,
326.0,〇,,,,,detail11,https://toyota.jp/manabupark/activity/detail11/index.html,,,,,,,国内業務部　,無し,TQP包括発注,,無,TQP,TQP,鈴木裕,静的,,◯,☓,,,確認済み,,,,,
327.0,〇,,,,,detail12,https://toyota.jp/manabupark/activity/detail12/index.html,,,,,,,国内業務部　,無し,TQP包括発注,,無,TQP,TQP,鈴木裕,静的,,◯,☓,,,確認済み,,,,,
328.0,〇,,,,,detail13,https://toyota.jp/manabupark/activity/detail13/index.html,,,,,,,国内業務部　,無し,TQP包括発注,,無,TQP,TQP,鈴木裕,静的,,◯,☓,,,確認済み,,,,,
329.0,〇,,,,,detail02,https://toyota.jp/manabupark/activity/detail02/index.html,,,,,,,国内業務部　,無し,TQP包括発注,,無,TQP,TQP,鈴木裕,静的,,◯,☓,,,確認済み,,,,,
330.0,〇,,,,,detail15,https://toyota.jp/manabupark/activity/detail15/index.html,,,,,,,国内業務部　,無し,TQP包括発注,,無,TQP,TQP,鈴木裕,静的,,◯,☓,,,確認済み,,,,,
331.0,〇,,,,,detail07,https://toyota.jp/manabupark/activity/detail07/index.html,,,,,,,国内業務部　,無し,TQP包括発注,,無,TQP,TQP,鈴木裕,静的,,◯,☓,,,確認済み,,,,,
332.0,〇,,,,,detail05,https://toyota.jp/manabupark/activity/detail05/index.html,,,,,,,国内業務部　,無し,TQP包括発注,,無,TQP,TQP,鈴木裕,静的,,◯,☓,,,確認済み,,,,,
333.0,〇,,,,,detail06,https://toyota.jp/manabupark/activity/detail06/index.html,,,,,,,国内業務部　,無し,TQP包括発注,,無,TQP,TQP,鈴木裕,静的,,◯,☓,,,確認済み,,,,,
334.0,〇,,,,,detail14,https://toyota.jp/manabupark/activity/detail14/index.html,,,,,,,国内業務部　,無し,TQP包括発注,,無,TQP,TQP,鈴木裕,静的,,◯,☓,,,確認済み,,,,,
335.0,〇,,,,,detail08,https://toyota.jp/manabupark/activity/detail08/index.html,,,,,,,国内業務部　,無し,TQP包括発注,,無,TQP,TQP,鈴木裕,静的,,◯,☓,,,確認済み,,,,,
336.0,〇,,,,contents,,https://toyota.jp/manabupark/contents/index.html,,コンテンツ紹介,,,,,国内業務部　,無し,TQP包括発注,,無,TQP,TQP,鈴木裕,静的,,◯,☓,,,確認済み,,,,,
337.0,〇,,,,,carbonneutralschool,https://toyota.jp/manabupark/contents/carbonneutralschool/index.html,,コンテンツ各記事,,,,,国内業務部　,無し,TQP包括発注,,無,TQP,TQP,鈴木裕,静的,,◯,☓,,,確認済み,,,,,
338.0,〇,,,,,artcontest,https://toyota.jp/manabupark/contents/artcontest/index.html,,,,,,,国内業務部　,無し,TQP包括発注,,無,TQP,TQP,鈴木裕,静的,,◯,☓,,,確認済み,,,,,
339.0,〇,,,,,kurumanohimitsu-miraimobility,https://toyota.jp/manabupark/contents/kurumanohimitsu-miraimobility/index.html,,,,,,,国内業務部　,無し,TQP包括発注,,無,TQP,TQP,鈴木裕,静的,,◯,☓,,,確認済み,,,,,
340.0,〇,,,,,toyota-socialfest,https://toyota.jp/manabupark/contents/toyota-socialfest/index.html,,,,,,,国内業務部　,無し,TQP包括発注,,無,TQP,TQP,鈴木裕,静的,,◯,☓,,,確認済み,,,,,
341.0,〇,,,,,toyota-kidsmobility-program,https://toyota.jp/manabupark/contents/toyota-kidsmobility-program/index.html,,,,,,,国内業務部　,無し,TQP包括発注,,無,TQP,TQP,鈴木裕,静的,,◯,☓,,,確認済み,,,,,
342.0,〇,,,,,toyota-futureschool-jhs,https://toyota.jp/manabupark/contents/toyota-futureschool-jhs/index.html,,,,,,,国内業務部　,無し,TQP包括発注,,無,TQP,TQP,鈴木裕,静的,,◯,☓,,,確認済み,,,,,
343.0,〇,,,,,leathercraft-workshop,https://toyota.jp/manabupark/contents/leathercraft-workshop/index.html,,,,,,,国内業務部　,無し,TQP包括発注,,無,TQP,TQP,鈴木裕,静的,,◯,☓,,,確認済み,,,,,
344.0,〇,,,,,miraimobility-programingschool,https://toyota.jp/manabupark/contents/miraimobility-programingschool/index.html,,,,,,,国内業務部　,無し,TQP包括発注,,無,TQP,TQP,鈴木裕,静的,,◯,☓,,,確認済み,,,,,
345.0,〇,,,,,toyota-futureschool-es,https://toyota.jp/manabupark/contents/toyota-futureschool-es/index.html,,,,,,,国内業務部　,無し,TQP包括発注,,無,TQP,TQP,鈴木裕,静的,,◯,☓,,,確認済み,,,,,
346.0,〇,,,,redirect,リダイレクトファイル,https://toyota.jp/manabupark/redirect/careco.html,,ゲームへリダイレクト,,,,,国内業務部　,無し,TQP包括発注,,無,TQP,TQP,鈴木裕,静的,,◯,☓,,,確認済み,,,,,
347.0,〇,,,,,,https://toyota.jp/manabupark/redirect/karakuri.html,,co.jpコンテンツへへリダイレクト,,,,,国内業務部　,無し,TQP包括発注,,無,TQP,TQP,鈴木裕,静的,,◯,☓,,,確認済み,,,,,
348.0,〇,,,,,,https://toyota.jp/manabupark/redirect/kodomoanzen.html,,co.jpコンテンツへへリダイレクト,,,,,国内業務部　,無し,TQP包括発注,,無,TQP,TQP,鈴木裕,静的,,◯,☓,,,確認済み,,,,,
349.0,〇,,,,,,https://toyota.jp/manabupark/redirect/kurumascience.html,,動画リダイレクト,,,,,国内業務部　,無し,TQP包括発注,,無,TQP,TQP,鈴木裕,静的,,◯,☓,,,確認済み,,,,,
350.0,〇,,,,,,https://toyota.jp/manabupark/redirect/manabupark.html,,まなぶパークトップへリダイレクト,,,,,国内業務部　,無し,TQP包括発注,,無,TQP,TQP,鈴木裕,静的,,◯,☓,,,確認済み,,,,,
351.0,〇,,,,,,https://toyota.jp/manabupark/redirect/stayhome.html,,JPトップへリダイレクト,,,,,国内業務部　,無し,TQP包括発注,,無,TQP,TQP,鈴木裕,静的,,◯,☓,,,確認済み,,,,,
352.0,〇,,,,,,https://toyota.jp/manabupark/redirect/toyota_esd.html,,houkago.asahi.comへリダイレクト,,,,,国内業務部　,無し,TQP包括発注,,無,TQP,TQP,鈴木裕,静的,,◯,☓,,,確認済み,,,,,
353.0,〇,,,,,,https://toyota.jp/manabupark/redirect/toyota_kids.html,,global.toyotaへリダイレクト,,,,,国内業務部　,無し,TQP包括発注,,無,TQP,TQP,鈴木裕,静的,,◯,☓,,,確認済み,,,,,
354.0,〇,,,,,,https://toyota.jp/manabupark/redirect/toyota_sdgs.html,,SDgsへリダイレクト,,,,,国内業務部　,無し,TQP包括発注,,無,TQP,TQP,鈴木裕,静的,,◯,☓,,,確認済み,,,,,
355.0,〇,,,,,,https://toyota.jp/manabupark/redirect/toyotanomori.html,,トヨタの森へリダイレクト,,,,,国内業務部　,無し,TQP包括発注,,無,TQP,TQP,鈴木裕,静的,,◯,☓,,,確認済み,,,,,
356.0,〇,,,,news,,https://toyota.jp/manabupark/news/index.html,,ニュース,,,,,国内業務部　,無し,TQP包括発注,,無,TQP,TQP,鈴木裕,静的,,◯,☓,,,確認済み,,,,,
357.0,〇,,該当なし,lecture,,,https://toyota.jp/lecture/,クルマ選び初心者ガイド,,,車両一覧,車種の記発毎,,国内業務部　,無し,TQP包括発注,,無,TQP,TQP,鵜木,静的,,◯,☓,,,確認済み,,,,,
358.0,〇,,,,knowledge,,https://toyota.jp/lecture/knowledge/,,クルマ購入の基礎知識,,,,,国内業務部　,無し,TQP包括発注,,無,TQP,TQP,鵜木,静的,,◯,☓,,,確認済み,,,,,
359.0,〇,,,,serch,,https://toyota.jp/lecture/survey,,はじめてのマイカーアンケート,,,,,国内業務部　,無し,TQP包括発注,,無,TQP,TQP,鵜木,静的,,◯,☓,,,確認済み,,,,,
360.0,〇,,,,teacher,,https://toyota.jp/lecture/teacher/,,教えて先生！　など,,,,,国内業務部　,無し,TQP包括発注,,無,TQP,TQP,鵜木,静的,,◯,☓,,,確認済み,,,,,
361.0,〇,,その他フッターなど,site-search,,,https://toyota.jp/site-search/#/,サイト内検索 結果ページ,,,,,,デジタル変革推進室,無し,,三村,,,,,動的,,◯,◯,,,確認済み,,,,,
362.0,〇,,その他フッターなど,sitemap,,,https://toyota.jp/sitemap/#/,サイトマップ,,,,,,デジタル変革推進室,無し,,三村,無,,TQP,鵜木,静的,,◯,◯,,,確認済み,,,,,
363.0,〇,,その他フッターなど,attribute,,,https://toyota.jp/attribute/,このサイトのご利用について,,,,,,デジ変プラガバG？・国内業務部　事業戦略・人事総括室,無し,,,無,,TQP,,静的,,◯,☓,,,確認済み,,,,,
364.0,〇,,,,setting,,https://toyota.jp/attribute/setting/index.html,,各種設定方法について,,,,,デジ変プラガバG？・国内業務部　事業戦略・人事総括室,無し,,,無,,TQP,,静的,,◯,☓,,,確認済み,,,,,
365.0,〇,,その他フッターなど,privacy_statement,,,https://toyota.jp/privacy_statement/,個人情報の取扱いについて,,,,,,デジ変プラガバG？・国内業務部　事業戦略・人事総括室,無し,,,無,,TQP,,静的,,◯,☓,,,確認済み,,,,,
366.0,〇,,その他フッターなど,antisocial,,,https://toyota.jp/antisocial/,反社会的勢力に対する基本方針について,,,,,,デジ変プラガバG？・国内業務部　事業戦略・人事総括室,無し,,,無,,TQP,,静的,,◯,☓,,,確認済み,,,,,
367.0,〇,〇,その他フッターなど,register_submitmail.html,,,https://toyota.jp/register_submitmail.html,メルマガ登録,,,,,,デジタル変革推進室,無し,,,無,,TQP,平田,静的,,◯,?,,,確認済み,,,,,
368.0,〇,,該当なし,m,,,https://toyota.jp/m/,toyota.jp Mobile ｻｰﾋﾞｽ終了のお知らせ,,,2015年告知,,,?,,,,無,,,,静的,,◯,☓,,,削除済み,,管理者不明だが、2015年のものなので、7/15削除予定,,,
369.0,〇,,該当なし,service（扱い考える）,dealer,kei/index_hokkaido.html,https://toyota.jp/service/dealer/kei/index_hokkaido.html,軽自動車展示店舗一覧,,,,,,デジタル変革推進室（VC基盤開発部）,,,,無,,TQP,,静的,,◯,◯,,,確認済み,,,,,
370.0,〇,,,,,,https://toyota.jp/service/dealer/coupon/,販売店チラシ・クーポン情報（飛び先なし）,,,地域を選択、がリンク切れ,,,デジタル変革推進室（VC基盤開発部）,,,,無,,TQP,,静的,,◯,☓,,,削除済み,,管理者不明だが、2015年のものなので、7/15削除予定,,,
371.0,〇,,該当なし,kirobo_mini（いつまで？）,,,https://toyota.jp/kirobo_mini/,キロボミニ,,,ない,,,国内商品・事業部　部用品事業室　既販車用品Ｇ,関戸,,,無,TQP,TQP,磯村,静的,◯,◯,☓,,,確認済み,,関戸さんに確認済み。KIROBO_miniのオーナーである刀根川さまにもご確認いただき、2-3年後に削除するまでは残置,,,
372.0,〇,,,,about,kiroheart,https://toyota.jp/kirobo_mini/about/kiroheart/index.html,,各コンテンツ,,,,,国内商品・事業部　部用品事業室　既販車用品Ｇ,関戸,,,無,TQP,TQP,磯村,静的,◯,◯,☓,,,確認済み,,,,,
373.0,〇,,,,,tips,https://toyota.jp/kirobo_mini/about/tips/index.html,,,,,,,国内商品・事業部　部用品事業室　既販車用品Ｇ,関戸,,,無,TQP,TQP,磯村,静的,◯,◯,☓,,,確認済み,,,,,
374.0,〇,,,,,kiroheart,https://toyota.jp/kirobo_mini/app/kiroheart/index.html,,,,,,,国内商品・事業部　部用品事業室　既販車用品Ｇ,関戸,,,無,TQP,TQP,磯村,静的,◯,◯,☓,,,確認済み,,,,,
375.0,〇,,,,,kiroheart,https://toyota.jp/kirobo_mini/cando/kiroheart/index.html,,,,,,,国内商品・事業部　部用品事業室　既販車用品Ｇ,関戸,,,無,TQP,TQP,磯村,静的,◯,◯,☓,,,確認済み,,,,,
376.0,〇,,,,kibo-robo,en,https://toyota.jp/kirobo_mini/kibo-robo/en/index.html,,,,,,,国内商品・事業部　部用品事業室　既販車用品Ｇ,関戸,,,無,TQP,TQP,磯村,静的,◯,◯,☓,,,確認済み,,,,,
377.0,〇,,,,kibo-robo,gallery,https://toyota.jp/kirobo_mini/kibo-robo/gallery/index.html,,,,,,,国内商品・事業部　部用品事業室　既販車用品Ｇ,関戸,,,無,TQP,TQP,磯村,静的,◯,◯,☓,,,確認済み,,,,,
378.0,〇,,,,kibo-robo,press,https://toyota.jp/kirobo_mini/kibo-robo/press/index.html,,,,,,,国内商品・事業部　部用品事業室　既販車用品Ｇ,関戸,,,無,TQP,TQP,磯村,静的,◯,◯,☓,,,確認済み,,,,,
379.0,〇,,,,kibo-robo,project,https://toyota.jp/kirobo_mini/kibo-robo/project/index.html,,,,,,,国内商品・事業部　部用品事業室　既販車用品Ｇ,関戸,,,無,TQP,TQP,磯村,静的,◯,◯,☓,,,確認済み,,,,,
380.0,〇,,,,kibo-robo,report,https://toyota.jp/kirobo_mini/kibo-robo/report/index.html,,,,,,,国内商品・事業部　部用品事業室　既販車用品Ｇ,関戸,,,無,TQP,TQP,磯村,静的,◯,◯,☓,,,確認済み,,,,,
381.0,〇,,,,kibo-robo,robot,https://toyota.jp/kirobo_mini/kibo-robo/robot/index.html,,,,,,,国内商品・事業部　部用品事業室　既販車用品Ｇ,関戸,,,無,TQP,TQP,磯村,静的,◯,◯,☓,,,確認済み,,,,,
382.0,〇,,,,kibo-robo,story,https://toyota.jp/kirobo_mini/kibo-robo/story/index.html,,,,,,,国内商品・事業部　部用品事業室　既販車用品Ｇ,関戸,,,無,TQP,TQP,磯村,静的,◯,◯,☓,,,確認済み,,,,,
383.0,〇,,,,kibo-robo,,https://toyota.jp/kirobo_mini/kibo-robo/index.html,,,,,,,国内商品・事業部　部用品事業室　既販車用品Ｇ,関戸,,,無,TQP,TQP,磯村,静的,◯,◯,☓,,,確認済み,,,,,
384.0,〇,,,,news,,https://toyota.jp/kirobo_mini/news/index.html,,,,,,,国内商品・事業部　部用品事業室　既販車用品Ｇ,関戸,,,無,TQP,TQP,磯村,静的,◯,◯,☓,,,確認済み,,,,,
385.0,〇,,該当なし,recall,,,https://toyota.jp/recall/,リコール,,,リコール情報更新,,,お客様品質部 技術統括室 渉外Ｇ,松田,,,無,,CMS事務局？,,静的,,◯,?,,,確認済み,,,,,
386.0,〇,,,,kaisyu,,https://toyota.jp/recall/kaisyu/,,保証期間延長等のその他の情報,,随時追加,,,お客様品質部 技術統括室 渉外Ｇ,松田,,,無,,CMS事務局？,,静的,,◯,?,,,確認済み,,,,,
387.0,〇,,,,,,https://toyota.jp/recall/campaign/,,サービスキャンペーン情報,,随時追加,,,お客様品質部 技術統括室 渉外Ｇ,松田,,,無,,CMS事務局？,,静的,,◯,?,,,確認済み,,,,,
388.0,〇,,その他フッターなど,aushop,,,https://toyota.jp/aushop/,aushop,,,,,,国内営業部,,,,無,TQP,TQP,島田（直,静的,,◯,☓,,,確認済み,,,,,
389.0,〇,,,,service,,https://toyota.jp/aushop/service/index.html,,aushop行ってみた,,,,,国内営業部,,,,無,TQP,TQP,島田（直,静的,,◯,☓,,,確認済み,,,,,
390.0,〇,,,,search_store,,https://toyota.jp/aushop/search_store/index.html,,取り扱い店舗一覧,,,,,国内営業部,,,,無,TQP,TQP,島田（直,静的,,◯,☓,,,確認済み,,,,,
391.0,〇,,,,uqmobile,,https://toyota.jp/aushop/uqmobile/index.html,,UQモバイル,,,,,国内営業部,,,,無,TQP,TQP,島田（直,静的,,◯,☓,,,確認済み,,,,,
392.0,〇,,,,voice,,https://toyota.jp/aushop/voice/index.html,,お客様の声,,,,,国内営業部,,,,無,TQP,TQP,島田（直,静的,,◯,☓,,,確認済み,,,,,
393.0,〇,,該当なし,maintenance_note,,,https://toyota.jp/maintenance_note/,メンテナンスノート,,,運用なし,,,サービス技術部,,,,,,ITP,,動的,,◯,☓,,,確認済み,,,,,
394.0,〇,,,,,,https://toyota.jp/maintenance_note/search_number.html,,車台番号・登録番号　検索,,データ更新,,,サービス技術部,,,,,,ITP,,動的,,◯,☓,,,確認済み,,,,,
395.0,〇,〇,該当なし,Spapp（アプリ一覧）,digital_key,qrlink,https://toyota.jp/spapp/digital_key/qrlink/,デジタルキーアプリ,,,,,,国内営業部,,,,無,,,,静的,,◯,☓,,,確認済み,,,,,
396.0,〇,〇,,,remotepark,qrlink,https://toyota.jp/spapp/remotepark/qrlink/,Remote Parkアプリ,,,,,,国内営業部,,,,無,,,,静的,,◯,☓,,,確認済み,,,,,
397.0,×,,トヨタのクルマ,shop_data,calendar,,https://toyota.jp/shop_data/calendar/,販売店営業日一覧,,,リンク先の店舗カレンダーが表示されていない,,,デジタル変革推進室（VC基盤開発部）,月岡（TQα）,,,無,,TQP,,静的,,◯,☓,,,確認済み,,,,,
398.0,〇,,該当なし,sapotoyo（用品リニューアルで整理）,commentary,sapotoyoplus,https://toyota.jp/sapotoyo/commentary/sapotoyoplus/,,サポトヨプラス,,"トヨタの安全への取り組みバナー
対応車種一覧",,,国内商品・事業室　（/TMP）,石川,,,無,TQP,TQP,磯村,静的,,◯,☓,,,削除予定,,26年3月で削除,,,
399.0,×,,該当なし,syscommon（見えなくする）,,,https://toyota.jp/syscommon/maintenance.html,サービス一時停止のお知らせ,,,運用なし,,,デジタル変革推進室（VC基盤開発部）,片岡,,,無,,？,,静的,,☓,☓,,,要確認,,デジ変様確認＆削除依頼？,,,
400.0,×,,該当なし,teammate（確認）,,,https://toyota.jp/teammate/map/,,Advanced Drive対応エリアマップ,,？？,,,自動運転・先進安全企画部　安全技術企画Gなど技術系各部,各担当,,,無,TQP,TQP,社本,？？,,☓,☓,,,確認済み,,,,,
401.0,〇,〇,該当なし,madoguchi,,,https://toyota.jp/madoguchi/,トヨタの窓口,,,運用なし,,,国内業務部　事業戦略・人事総括室,三好部長,,,無,TQP,TQP,星山,静的,,◯,☓,,,確認済み,,,,,
402.0,〇,〇,,,service_rentacar,,https://toyota.jp/madoguchi/service_rentacar/,,各コンテンツ,,運用なし,,,国内業務部　事業戦略・人事総括室,三好部長,,,無,TQP,TQP,星山,静的,,◯,☓,,,確認済み,,,,,
403.0,〇,,トヨタのクルマ,safety,,,https://toyota.jp/safety/,トヨタの安全技術,,,車両一覧,車種の記発毎,,自動運転・先進安全企画部　安全技術企画Gなど技術系各部,各担当,,,無,TQP,TQP,社本,静的,,◯,☓,,,確認済み,,,,,
404.0,〇,,,,case,01,https://toyota.jp/safety/case/01/,,街中を走るとき,,対象車両一覧,車種の記発毎,,自動運転・先進安全企画部　安全技術企画Gなど技術系各部,各担当,,,無,TQP,TQP,社本,静的,,◯,☓,,,確認済み,,,,,
405.0,〇,,,,case,02,https://toyota.jp/safety/case/02/index.html,,,,,,,自動運転・先進安全企画部　安全技術企画Gなど技術系各部,各担当,,,無,TQP,TQP,社本,静的,,◯,☓,,,確認済み,,,,,
406.0,〇,,,,case,03,https://toyota.jp/safety/case/03/index.html,,,,,,,自動運転・先進安全企画部　安全技術企画Gなど技術系各部,各担当,,,無,TQP,TQP,社本,静的,,◯,☓,,,確認済み,,,,,
407.0,〇,,,,case,04,https://toyota.jp/safety/case/04/index.html,,,,,,,自動運転・先進安全企画部　安全技術企画Gなど技術系各部,各担当,,,無,TQP,TQP,社本,静的,,◯,☓,,,確認済み,,,,,
408.0,〇,,,,case,05,https://toyota.jp/safety/case/05/index.html,,,,,,,自動運転・先進安全企画部　安全技術企画Gなど技術系各部,各担当,,,無,TQP,TQP,社本,静的,,◯,☓,,,確認済み,,,,,
409.0,〇,,,,case,06,https://toyota.jp/safety/case/06/index.html,,,,,,,自動運転・先進安全企画部　安全技術企画Gなど技術系各部,各担当,,,無,TQP,TQP,社本,静的,,◯,☓,,,確認済み,,,,,
410.0,〇,,,,scene,accident,https://toyota.jp/safety/scene/accident/,,万が一の事故のとき,,トヨタの安全への取り組み　バナー,,,自動運転・先進安全企画部　安全技術企画Gなど技術系各部,各担当,,,無,TQP,TQP,社本,静的,,◯,☓,,,確認済み,,,,,
411.0,〇,,,,,condition,https://toyota.jp/safety/scene/condition/,,路面の状態が悪いとき,,対象車両一覧,車種の記発毎,,自動運転・先進安全企画部　安全技術企画Gなど技術系各部,各担当,,,無,TQP,TQP,社本,静的,,◯,☓,,,確認済み,,,,,
412.0,〇,,,,,highway,https://toyota.jp/safety/scene/highway/,,高速道路を走るとき,,対象車両一覧,車種の記発毎,,自動運転・先進安全企画部　安全技術企画Gなど技術系各部,各担当,,,無,TQP,TQP,社本,静的,,◯,☓,,,確認済み,,,,,
413.0,〇,,,,,night,https://toyota.jp/safety/scene/night/,,夜間に走るとき,,対象車両一覧,車種の記発毎,,自動運転・先進安全企画部　安全技術企画Gなど技術系各部,各担当,,,無,TQP,TQP,社本,静的,,◯,☓,,,確認済み,,,,,
414.0,〇,,,,,parking,https://toyota.jp/safety/scene/parking/,,駐車をするとき,,対象車両一覧,車種の記発毎,,自動運転・先進安全企画部　安全技術企画Gなど技術系各部,各担当,,,無,TQP,TQP,社本,静的,,◯,☓,,,確認済み,,,,,
415.0,〇,,,,,scenes,https://toyota.jp/safety/scene/scenes/,,街中を走るとき（さまざまな状況）,,対象車両一覧,車種の記発毎,,自動運転・先進安全企画部　安全技術企画Gなど技術系各部,各担当,,,無,TQP,TQP,社本,静的,,◯,☓,,,確認済み,,,,,
416.0,〇,,,,,starting,https://toyota.jp/safety/scene/starting/,,発信・停車をするとき,,対象車両一覧,車種の記発毎,,自動運転・先進安全企画部　安全技術企画Gなど技術系各部,各担当,,,無,TQP,TQP,社本,静的,,◯,☓,,,確認済み,,,,,
417.0,〇,,,,interview,1〜4あり,https://toyota.jp/safety/interview/index.html,,開発者の思い,,,,,自動運転・先進安全企画部　安全技術企画Gなど技術系各部,各担当,,,無,TQP,TQP,社本,静的,,◯,☓,,,確認済み,,,,,
418.0,〇,,,,special,,https://toyota.jp/safety/special01/,,スペシャル,,,,,自動運転・先進安全企画部　安全技術企画Gなど技術系各部,各担当,,,無,TQP,TQP,社本,静的,,◯,☓,,,確認済み,,,,,
419.0,〇,,,,update,,https://toyota.jp/safety/update/index.html,,ソフトウェア・アップデート,,,,,自動運転・先進安全企画部　安全技術企画Gなど技術系各部,各担当,,,無,TQP,TQP,社本,静的,,◯,☓,,,確認済み,,,,,
420.0,〇,,トヨタのクルマ,service,store-search,,https://toyota.jp/service/store-search/dc/search,販売店検索TOP,,,,,,デジタル変革推進室（VC基盤開発部）,,,,,,？,,動的,,◯,☓,,,確認済み,,,,,
421.0,〇,,,,,dc/search?disp=top,https://toyota.jp/service/store-search/dc/map-search/,,検索（地図）,,,,,デジタル変革推進室（VC基盤開発部）,,,,,,？,,動的,,◯,☓,,,確認済み,,,,,
422.0,〇,,,,,,https://toyota.jp/service/store-search/dc/search?mode=trial,,車両一覧（車両から選ぶ）,,対象車両一覧,,,デジタル変革推進室（VC基盤開発部）,,,,,,？,,動的,,◯,☓,,,確認済み,,,,,
423.0,〇,,,,,,https://toyota.jp/service/store-search/dc/map-search,,販売店検索,,,,,デジタル変革推進室（VC基盤開発部）,,,,,,？,,動的,,◯,☓,,,確認済み,,,,,
424.0,〇,,,,tradein,dc/search?disp=top,https://toyota.jp/service/tradein/dc/top,,下取り参考価格シミュレーション,,対象車両一覧,車種の記発毎,,デジタル変革推進室（VC基盤開発部）,,,,,,？,,動的,,◯,☓,,,確認済み,,,,,
425.0,〇,,,,dealer,,https://toyota.jp/service/dealer/spt/trial-list-car?mode=select&STORE_CD_TCOM=45&CN=N&OFFICE_CD=43501,,販売店ページ（例）,,,,,デジタル変革推進室（VC基盤開発部）,,,,,,？,,動的,,◯,☓,,,確認済み,,,,,
426.0,〇,,,,dealer,kei,https://toyota.jp/service/dealer/kei/index_shikoku.html,,軽自動車展示店舗一覧,,,,,デジタル変革推進室（VC基盤開発部）,,,,,,？,,動的,,◯,☓,,,確認済み,,,,,
427.0,〇,,,,dealer,coupon,https://toyota.jp/service/dealer/coupon/index.html,,販売店チラシ・クーポン情報,,,,,デジタル変革推進室（VC基盤開発部）,,,,,,？,,動的,,◯,☓,,,削除済み,,7/15削除,,,
428.0,〇,,,,navisoft,,https://toyota.jp/service/navisoft/dc/search,品番・価格を調べたい方は（用品リニューアルで変更）,,,運用なし,,,国内商品部,神田,,,竹村,,TQP,磯村,動的,◯,◯,☓,,,確認済み,,,,,
429.0,〇,,,,/ap-store-search,,https://toyota.jp/service/ap-store-search/,あんしんプラス,,,運用なし,,,,,,,,,,,動的,,☓,☓,,,確認済み,,,,,
430.0,×,〇,オーナーサポート,digital_key/,,,https://toyota.jp/digital_key/,TOP,,,,,,コネクティッド商品企画室 3Ｇ,川岸,,,無,,TQP,社本,静的,,◯,☓,,,確認済み,,,,,
431.0,×,〇,,,owner_operation.html,,https://toyota.jp/digital_key/owner_operation.html,,クルマを操作する（マニュアルサイト）,,,,,コネクティッド商品企画室 3Ｇ,川岸,,,無,,TQP,社本,静的,,◯,☓,,,確認済み,,,,,
432.0,〇,,お問い合わせ・FAQ,,,,https://faq.toyota.jp/,FAQ,（別ページ）,,運用なし,,,お客様関連部,各担当,,,,,,,動的,,◯,◯,,,確認済み,,,,,
433.0,〇,,オーナーサポート,https://manual.toyota.jp/,,,https://manual.toyota.jp/,オーナーズマニュアル,,,運用なし,,,サービス技術部,,,,,,富士通,,動的,,☓,☓,,,確認済み,,,,,
434.0,〇,,,https://manual.toyota.jp/,aqua,https://manual.toyota.jp/aqua/2211/hev/ja_JP/contents/home.php,https://manual.toyota.jp/aqua/2211/hev/ja_JP/contents/home.php,,AQUA取扱説明書,,運用なし,,,サービス技術部,,,,無,,富士通,,,,☓,☓,,,確認済み,,,,,
435.0,〇,,トヨタのクルマ,u-car,,,https://toyota.jp/ucar/,トヨタ認定中古車,,,キービジュアル,,,トヨタユーゼック、VC基盤開発部,浦,,,無,TQP,TQP、TC,,?,,◯,◯,,,確認済み,,開発：U-car担当,,,
436.0,〇,,,,,,https://toyota.jp/ucar/carlist/?Cn=01_%E3%82%AA%E3%83%BC%E3%83%AA%E3%82%B9,,車両ページ（オーリス）,,,,,トヨタユーゼック、VC基盤開発部,浦,,,,TQP,TQP、TC,,動的,,◯,◯,,,確認済み,,開発：U-car担当,,,
437.0,〇,,,,,,https://toyota.jp/ucar/market_price/brand-01/car-%E3%82%AA%E3%83%BC%E3%83%AA%E3%82%B9/,,価格相場表（オーリス）,,,,,トヨタユーゼック、VC基盤開発部,浦,,,,TQP,TQP、TC,,動的,,◯,◯,,,確認済み,,開発：U-car担当,,,
438.0,〇,,その他フッターなど,t-up,,,https://toyota.jp/akaitori/,T-UPサイト（下層ページあり）→CMSにないか？,,,,,,トヨタユーゼック,飛田,,,無,TQP,,,静的,,◯,☓,,,確認済み,,,,,
439.0,〇,,該当なし,cmpn/ma/dc/（アフサから）,,,https://toyota.jp/cmpn/ma/dc/tscremovalreport,,トヨタサービスカード　変更申し込みフォーム,,,,,国内サービス部　企画総括室　総括・ＴＰＳ支援グループ,川口,,,,,？,,動的,,☓,☓,,,削除予定,,サービス部様から販売基盤開発部へ削除依頼済み　7月中旬には削除予定,,,
440.0,〇,,,,,,https://toyota.jp/cmpn/ma/dc/tsc?cd=10,,トヨタのお店一覧（各エリア）,,,,,国内サービス部　企画総括室　総括・ＴＰＳ支援グループ,川口,,,無,,？,,,,☓,☓,,,削除予定,,サービス部様から販売基盤開発部へ削除依頼済み　7月中旬には削除予定,,,
441.0,〇,,,,,,https://toyota.jp/cmpn/ma/dc/tsc?cd=87,,トヨタのお店一覧（各エリア）,,,,,国内サービス部　企画総括室　総括・ＴＰＳ支援グループ,川口,,,無,,？,,,,☓,☓,,,削除予定,,サービス部様から販売基盤開発部へ削除依頼済み　7月中旬には削除予定,,,
442.0,〇,,,,,,https://toyota.jp/cmpn/ma/dc/tsc?mode=form&cd=10&OFFICE_CD=11201,,申し込み画面,,,,,国内サービス部　企画総括室　総括・ＴＰＳ支援グループ,川口,,,無,,？,,,,☓,☓,,,削除予定,,サービス部様から販売基盤開発部へ削除依頼済み　7月中旬には削除予定,,,
443.0,〇,,該当なし,cmpnform/,pub/,jp/mirai_sr_reservation/,https://toyota.jp/cmpnform/pub/jp/mirai_sr_reservation/,,"TOYOTA MIRAI SHOWROOM
試乗予約フォーム（ページ見つからずリダイレクトなし）",,,,,国内営業部,山岡,,,,,TQP,,動的,,☓,☓,,,削除済み,,7月削除,,,
444.0,〇,,該当なし,grade,dc,top,https://www.toyota.co.jp/grade/dc/top,グレード情報検索サービス,,,運用なし,,,デジタル変革推進室（VC基盤開発部）・お客様関連部,桑原,,,,,VC基盤開発部？,,動的,,☓,☓,,,確認済み,,,,,
445.0,〇,,該当なし,,,,https://www.toyota.co.jp/jpn/auto/passable_route/map/,通れた道マップ,,,,,,?,?,,,,,?,,動的,,☓,☓,,,確認済み,,,,,
446.0,〇,,トヨタのクルマ,guide（木崎さん）,,,https://toyota.jp/guide/index.html,クルマ購入ガイド,,,,,,デジタル変革推進室,,,,無,,,,静的,,◯,◯,,,確認済み,,,,,
447.0,〇,,,,step1,,https://toyota.jp/guide/step1/index.html,,車種の検討,,,,,デジタル変革推進室,,,,無,,,,静的,,◯,◯,,,確認済み,,,,,
448.0,〇,,,,step2,,https://toyota.jp/guide/step2/index.html,,見積りシミュレーション,,,,,デジタル変革推進室,,,,無,,,,静的,,◯,◯,,,確認済み,,,,,
449.0,〇,,,,step3,,https://toyota.jp/guide/step3/index.html,,契約手続き,,,,,デジタル変革推進室,,,,無,,,,静的,,◯,◯,,,確認済み,,,,,
450.0,〇,,,,step3,service_contract,https://toyota.jp/guide/step3/service_contract/index.html,,TOYOTAアカウントによるサービス契約,,,,,デジタル変革推進室,,,,無,,,,静的,,◯,◯,,,確認済み,,,,,
451.0,〇,,,,step4,,https://toyota.jp/guide/step4/index.html,,納車予定日の確認,,,,,デジタル変革推進室,,,,無,,,,静的,,◯,◯,,,確認済み,,,,,
452.0,〇,,,,step5,,https://toyota.jp/guide/step5/index.html,,納車を待つ,,,,,デジタル変革推進室,,,,無,,,,静的,,◯,◯,,,確認済み,,,,,
453.0,〇,,,,step5,juden-support,https://toyota.jp/guide/step5/juden-support/index.html,,EV・PHV充電サポート,,,,,デジタル変革推進室,,,,無,,,,静的,,◯,◯,,,確認済み,,,,,
454.0,〇,,,,step5,,https://toyota.jp/guide/step5/remoteservice_share.html,,リモートサービスのシェア手順（PDFリンク）,,,,,デジタル変革推進室,,,,無,,,,静的,,◯,◯,,,確認済み,,,,,
455.0,〇,,該当なし,howto_ac（給電担当）,pdf,,https://toyota.jp/howto_ac/pdf/index.html,,給電機能についてご紹介します。,,,,,サービス部,,,,無,TQP,TQP,廣瀬,静的,,☓,☓,,,確認済み,,,,,
456.0,,,該当なし,news,,,https://toyota.jp/news/index.html,,重要なお知らせ,,,,,デジタル変革推進室,,,,,,TQP,鵜木,動的,,◯,◯,,,確認済み,,,,,
,,◯,,info,,,https://toyota.jp/info/circuitmode_circuit/index.html,,,,,,,,,,,,,不明,不明,静的,,,,,,,,,,,
,,◯,,info,,,https://toyota.jp/info/e-toyota/ev_charge/simulation/index.html,,,,,,,,,,,,,TQP,星山,静的,,,,,,,,移設,,,
,,◯,,info,,,https://toyota.jp/info/tconnect_search/index.html,e-T部で改修計画あり？,,,,,,,,,,,,e-TOYOTA/TQP,黒谷,静的,,,,,,,,移設,,,
,,◯,,info,,,https://toyota.jp/info/century/chart/index.html,今後センチュリーブランドサイトに移設？,,,,,,,,,,,,TQP,中山,静的,,,,,,,,移設,,,
,,◯,,info,,,https://toyota.jp/info/crowncrossover/custom_style/index.html,スペコン,,,,,,,,,,,,TQP,末吉,静的,,,,,,,,移設,,,
,,◯,,info,,,https://toyota.jp/info/tax_compensation/index.html,コースター燃費補償ならびに重量税補償開始について,,,,,,,,,,,,不明,不明,静的,,,,,,,,移設,,,
,,◯,,info,,,https://toyota.jp/info/cwalk/case-study/index.html,C-walkページはデザインシステム未適用,,,,,,,,,,,,TQP,星山,静的,,,,,,,,移設,,,
,,◯,,info,,,https://toyota.jp/info/cwalks/used/index.html,C-walkページはデザインシステム未適用,,,,,,,,,,,,TQP,星山,静的,,,,,,,,移設,,,
,,◯,,info,,,https://toyota.jp/info/jpntaxi/news/250602/index.html,ニュースリリースは通知基盤に集約では？,,,,,,,,,,,,TQP,星山,静的,,,,,,,,移設,,,
,,◯,,info,,,https://toyota.jp/info/toyotapassport_crown/login.html,トヨタパスポートエクスプレスがいつまで継続するのか確認,,,,,,,,,,,,TQP,末吉,静的,,,,,,,,移設,,,
,,◯,,info,,,https://toyota.jp/info/toyotapassport_crown/index.html,トヨタパスポートエクスプレスがいつまで継続するのか確認,,,,,,,,,,,,TQP,末吉,静的,,,,,,,,移設,,,
,,◯,,info,,,https://toyota.jp/info/rav4/custom_style/index.html,,,,,,,,,,,,,TQP,末吉,静的,,,,,,,,移設,,,
,,◯,,info,,,https://toyota.jp/info/mailmagazine/,メルマガアーカイブ（HTMLメルマガ見れない人のためのコンテンツ）,,,,,,,,,,,,TQP,野口,静的,,,,,,,,移設,,,
,,◯,,info,,,https://toyota.jp/info/pixistruck/compare/index.html,商用車ページは、デザインシステム未適用,,,,,,,,,,,,TQP,星山,静的,,,,,,,,移設,,,
,,◯,,info,,,https://toyota.jp/info/landcruisercollection/index.html,,,,,,,,,,,,,TQP,中山,静的,,,,,,,,移設,,,
,,◯,,info,,,https://toyota.jp/info/mirai/cp/10th/cross-talk/index.html,,,,,,,,,,,,,TQP,中山,静的,,,,,,,,移設,,,
,,◯,,info,,,https://toyota.jp/info/mirai/cp/10th/index.html,,,,,,,,,,,,,TQP,中山,静的,,,,,,,,移設,,,
,,◯,,info,,,https://toyota.jp/info/corollacross/custom_style/index.html,,,,,,,,,,,,,TQP,末吉,静的,,,,,,,,移設,,,
,,◯,,info,,,https://toyota.jp/info/dytd/index.html,,,,,,,,,,,,,TQP,岸上,静的,,,,,,,,移設,,,
,,◯,,info,,,https://toyota.jp/info/kyuden/dekirukoto/report/moshimofes2023/index.html,,,,,,,,,,,,,TQP,,静的,,,,,,,,移設,,,
,,◯,,,,,https://toyota.jp/member/notice/docomo_mobile/index.html,,,,,,,,,,,,,,,静的,,,,,,,,移設,,,
,,◯,,,,,https://toyota.jp/after_service/safety/kasai/index.html,,,,,,,,,,,,,,,静的,,,,,,,,移設,,,
,,◯,,,,,https://toyota.jp/dealer/service/dealer/js/map.html,,,,,,,,,,,,,,,静的,,,,,,,,移設,,,
,,◯,,,,,https://toyota.jp/head/footer.html,,,,,,,,,,,,,,,静的,,,,,,,,移設,,,
,,◯,,,,,https://toyota.jp/sp/yumenokuruma/index.html,,,,,,,,,,,,,,,静的,,,,,,,,移設,,,
,,◯,,,,,https://toyota.jp/akaitori/index.html,,,,,,,,,,,,,,,静的,,,,,,,,移設,,,
,,◯,,,,,https://toyota.jp/include/xml/akamizing-055l.html,,,,,,,,,,,,,,,静的,,,,,,,,移設,,,
,,◯,,,,,https://toyota.jp/mailregister/mailregister.html,,,,,,,,,,,,,,,静的,,,,,,,,移設,,,
,,◯,,,,,https://toyota.jp/toyotadirectorscut/index.html,,,,,,,,,,,,,,,静的,,,,,,,,移設,,,
,,◯,,,,,https://toyota.jp/top/html/et_standby.html,,,,,,,,,,,,,,,静的,,,,,,,,移設,,,
,,◯,,,,,https://toyota.jp/owners_navi/update_contents/v7/20130930160/cnts/emanual/CONEMN41090303000.htm,,,,,,,,,,,,,,,静的,,,,,,,,移設,,,
,,◯,,,,,https://toyota.jp/syscommon/maintenance.html,,,,,,,,,,,,,,,静的,,,,,,,,移設,,,
,,◯,,,,,https://toyota.jp/tcv/attention/html4tab/attention03.html,,,,,,,,,,,,,,,静的,,,,,,,,移設,,,
,,◯,,,,,https://toyota.jp/search/index.html,site-search.toyota.jpは使っている？,,,,,,,,,,,,,,静的,,,,,,,,移設,,,
,,◯,,,,,https://toyota.jp/maintenance_note/index.html,,,,,,,,,,,,,,,静的,,,,,,,,移設,,,
,,◯,,,,,https://toyota.jp/recall/index.html,,,,,,,,,,,,,,,静的,,,,,,,,移設,,,
,,◯,,,,,https://toyota.jp/carbonneutral-vehicle/index.html,,,,,,,,,,,,,,,静的,,,,,,,,移設,,,
,,◯,,,,,https://toyota.jp/cpod/index.html,,,,,,,,,,,,,,,静的,,,,,,,,移設,,,
,,◯,,,,,https://toyota.jp/digital_key/index.html,,,,,,,,,,,,,,,静的,,,,,,,,移設,,,
,,◯,,,,,https://toyota.jp/ecocar/index.html,,,,,,,,,,,,,,,静的,,,,,,,,移設,,,
,,◯,,,,,https://toyota.jp/function-guide/index.html,,,,,,,,,,,,,,,静的,,,,,,,,移設,,,
,,◯,,,,,https://toyota.jp/madoguchi/index.html,,,,,,,,,,,,,,,静的,,,,,,,,移設,,,
,,◯,,,,,https://toyota.jp/personalmobility/index.html,,,,,,,,,,,,,,,静的,,,,,,,,移設,,,
,,◯,,,,,https://toyota.jp/technology/index.html,,,,,,,,,,,,,,,静的,,,,,,,,移設,,,
,,◯,,,,,https://toyota.jp/member/mytoyota/,,,,,,,,,,,,,,,静的,,,,,,,,移設,,,
,,◯,,,,,https://toyota.jp/cmpn/ma/dc/tscremovalreport/index.html,,,,,,,,,,,,,,,静的,,,,,,,,移設,,,
